"id","response"
"0","Okay, let's see. I need to find the sum of the first 325 positive even whole numbers. Hmm, first, let me recall what the positive even whole numbers are. The first few are 2, 4, 6, 8, ..., right? So the nth positive even whole number is 2n. Wait, let's check: when n=1, it's 2*1=2, which is the first one. n=2, 2*2=4, second one. Yeah, that makes sense.

So the first 325 positive even whole numbers would be 2, 4, 6, ..., up to the 325th term. The 325th term is 2*325 = 650. Now, I need to find the sum of this sequence.

I remember that the sum of an arithmetic series can be calculated using the formula: S_n = n/2 * (a_1 + a_n), where n is the number of terms, a_1 is the first term, and a_n is the nth term.

Let me confirm if this is an arithmetic series. Yes, because each term increases by 2, so the common difference d=2. So it's an arithmetic sequence.

Here, n=325, a_1=2, a_n=650. So plugging into the formula: S_325 = 325/2 * (2 + 650). Let's compute that.

First, 2 + 650 is 652. Then 325/2 * 652. Let's compute 325 * 652 first, then divide by 2.

Wait, 325 * 652: Let's see. 652 is 650 + 2, so 325*650 + 325*2. 325*650: 325*600=195,000; 325*50=16,250; so 195,000 + 16,250 = 211,250. Then 325*2=650. So total is 211,250 + 650 = 211,900. Then divide by 2: 211,900 / 2 = 105,950.

Wait, let me check another way. Alternatively, the sum of the first n even numbers is n(n + 1). Wait, no, wait. Wait, the sum of the first n even numbers: 2 + 4 + ... + 2n = 2(1 + 2 + ... + n) = 2*(n(n + 1)/2) = n(n + 1). Oh! That's a simpler formula.

Wait, let's verify. For n=1: 2 = 1*2 = 2. Correct. n=2: 2 + 4 = 6 = 2*3 = 6. Correct. n=3: 2 + 4 + 6 = 12 = 3*4 = 12. Correct. Oh! So the sum of the first n positive even whole numbers is n(n + 1).

Wait, so in this problem, n=325. So the sum is 325*326. Let's compute that.

325*326: Let's calculate 325*(300 + 26) = 325*300 + 325*26. 325*300 = 97,500. 325*26: 325*20=6,500; 325*6=1,950; so 6,500 + 1,950 = 8,450. Then total is 97,500 + 8,450 = 105,950. That matches the previous result. So that's good.

So the sum is 325*326 = 105,950. Let me just make sure I didn't make a mistake here.

Another way: The first even number is 2, which is 2*1. The second is 2*2, ..., the 325th is 2*325. So the sum is 2*(1 + 2 + ... + 325). The sum of the first 325 positive integers is (325)(325 + 1)/2 = (325)(326)/2. Then multiplying by 2 gives 325*326, which is 105,950. Yep, that's right.

So the answer should be 105950. Let me check with a small n. Let's take n=3: sum is 2+4+6=12. 3*4=12. Correct. n=4: 2+4+6+8=20. 4*5=20. Correct. So the formula holds. Therefore, for n=325, the sum is 325*326=105950.

I think that's it. So the final answer is 105950.
</think>

To find the sum of the first **325 positive even whole numbers**, we begin by recognizing that these numbers form an arithmetic sequence:

$$
2, 4, 6, \ldots, 650
$$

This is because the $n$-th positive even number is $2n$, so the 325th term is $2 \times 325 = 650$.

---

### Step 1: Use the formula for the sum of the first $n$ even numbers

There is a known identity for the sum of the first $n$ positive even numbers:

$$
\text{Sum} = n(n + 1)
$$

This comes from the fact that the sum of the first $n$ even numbers is:

$$
2(1 + 2 + \cdots + n) = 2 \cdot \frac{n(n+1)}{2} = n(n+1)
$$

So for $n = 325$:

$$
\text{Sum} = 325 \times (325 + 1) = 325 \times 326
$$

---

### Step 2: Compute the product

We calculate:

$$
325 \times 326 = ?
$$

Break it down:

- $325 \times 300 = 97,500$
- $325 \times 26 = 8,450$

Add them together:

$$
97,500 + 8,450 = 105,950
$$

---

### Final Answer

$$
\boxed{105950}
$$"
"1","Okay, let's try to figure out this integral problem. The question is asking for the value of the integral from negative infinity to positive infinity of (a^(3/2)) divided by (s squared plus a squared) ds. Hmm, first I need to recall some integral techniques, especially for improper integrals over the entire real line.

First, let me write down the integral clearly:

∫ from -∞ to +∞ [a^(3/2) / (s² + a²)] ds

I notice that a^(3/2) is a constant with respect to s, right? Because we're integrating with respect to s, so a is just a parameter here. So we can factor that out of the integral. That simplifies things a bit.

So the integral becomes a^(3/2) * ∫ from -∞ to +∞ [1 / (s² + a²)] ds.

Now, I remember that the integral of 1/(s² + b²) ds from -∞ to +∞ is (π/b). Wait, let me confirm that. The standard integral ∫_{-∞}^∞ 1/(x² + c²) dx = π/c. Yes, that's a standard result from calculus, using the arctangent function. Let me recall: the antiderivative of 1/(s² + a²) is (1/a) arctan(s/a) + C. So evaluating from -∞ to +∞, arctan(∞) is π/2 and arctan(-∞) is -π/2. So the difference is π/2 - (-π/2) = π. Then multiplying by 1/a gives π/a. Wait, let's do that step by step.

Let's compute ∫ [1/(s² + a²)] ds. Let me make a substitution. Let u = s/a, so s = a u, ds = a du. Then the integral becomes ∫ [1/(a² u² + a²)] * a du = ∫ [1/(a²(u² + 1))] * a du = (1/a) ∫ [1/(u² + 1)] du. The integral of 1/(u² + 1) is arctan(u) + C. So substituting back, (1/a) arctan(u) + C = (1/a) arctan(s/a) + C.

Therefore, the definite integral from -∞ to ∞ is (1/a)[arctan(∞) - arctan(-∞)] = (1/a)[π/2 - (-π/2)] = (1/a)(π) = π/a.

So the integral ∫_{-∞}^∞ 1/(s² + a²) ds = π/a.

Therefore, going back to the original integral, it's a^(3/2) * (π/a) = π a^(3/2 - 1) = π a^(1/2) = π sqrt(a).

Wait, but hold on. The problem is giving options that are all expressions without π. Let me check the options again. The options are A to J, and they don't have π. That's a problem. Wait, maybe I made a mistake here.

Wait, the problem says ""Options: A. 0 ... up to J. 1/a²"". None of them have π. Hmm, that's confusing. Maybe there's a typo in the problem, or maybe I misread it.

Wait, let me check again. The integral is ∫_{-infty}^{+infty} [a^{3/2} / (s² + a²)] ds. Wait, is the a in the denominator a squared? Yes, s² + a².

Wait, but according to my calculation, the integral is π sqrt(a). But none of the options have π. That's odd. Maybe the problem is written differently? Let me check the original question again.

The user wrote: ""$int_{-infty}^{+infty} frac{a^{3/2}}{s^2+a^2} ds = $"" with options A to J.

Hmm. Wait, perhaps the problem is from a context where a is a specific value, but no, it's a general a. Alternatively, maybe the integral is supposed to be a different form. Wait, maybe it's a complex integral? But the problem states it's from -infty to +infty, which is real.

Wait, another thought: maybe the integral is in the context of Fourier transforms or something else, but the problem seems to be a straightforward real integral.

Wait, let's think again. If the answer is π sqrt(a), but the options don't have π, that suggests that perhaps the problem has a typo. Alternatively, maybe I misread the exponent.

Wait, the problem says a^{3/2}. So that's a to the 3/2 power. Let's see. Let's compute the integral again.

Wait, perhaps the problem is missing a π in the options? But the options given don't have π. Hmm.

Wait, maybe the integral is not over all real numbers? No, it says from -infty to +infty.

Wait, another possibility: maybe the question is a trick question where the integral is zero? But the integrand is positive everywhere (since a is probably positive, as it's under a square root), so the integral should be positive. So option A is 0, which is not possible.

Wait, let's check the options again. The options are:

A. 0

B. 1/a

C. 3/a

D. 1/(2a²)

E. 1/(2a)

F. 2/a

G. 2a

H. 3/(2a)

I. 3/(2a²)

J. 1/a²

Hmm. None of these have π, so maybe the problem is intended to be a different integral? Wait, perhaps the integral is over a different variable? Or maybe the a is a specific constant?

Wait, another angle: maybe the problem is in a context where a is a complex number, but the integral is real. Hmm, not sure.

Wait, let's suppose that the problem is written incorrectly and the intended integral was without the a^{3/2}, but that's speculative.

Alternatively, maybe the integral is from 0 to ∞, but the problem says from -infty to +infty.

Wait, if the integral was from 0 to ∞ of 1/(s² + a²) ds, that would be (π/2)/a, but the problem states from -infty to ∞.

Wait, let's try to compute it numerically with a specific value of a to test. Let's take a = 1. Then the integral becomes ∫_{-infty}^∞ 1/(s² + 1) ds = π. Which is approximately 3.14. Now, looking at the options, if a=1, the options would be:

A. 0

B. 1

C. 3

D. 1/2

E. 1/2

F. 2

G. 2

H. 3/2

I. 3/2

J. 1

So none of the options match π ≈ 3.14. But option C is 3, which is close but not exact. Hmm, maybe the problem is intended to be a different integral?

Wait, another thought: perhaps the integral is ∫_{-infty}^infty [a^{3/2} / (s^2 + a^2)] ds, but in the problem statement, it's written with a different exponent. Wait, if the problem was supposed to be ∫ [a^{1/2} / (s^2 + a^2)] ds, then the integral would be π a^{-1/2}, but still no π.

Alternatively, maybe the problem is a multiple-choice question from a source that expects a different approach, like using residue calculus for complex integrals. Let's try that.

In complex analysis, the integral over the real line of a rational function can be evaluated using residues. Let's consider the integral ∫_{-∞}^∞ [a^{3/2} / (s² + a²)] ds. Let's treat a as a positive real number (since we have a^{3/2}, which is real if a > 0).

The denominator s² + a² factors as (s - ia)(s + ia). So the poles are at s = ia and s = -ia. Since we're integrating over the real line, we can close the contour in the upper half-plane (for the pole at ia) or lower half-plane (for -ia). But since the integrand decays as 1/s² for large s, we can use the upper half-plane contour.

The residue at s = ia is lim_{s→ia} (s - ia) * [a^{3/2} / ( (s - ia)(s + ia) )] = a^{3/2} / (2ia) = a^{3/2} / (2ia) = -i a^{1/2} / 2.

Then the integral is 2πi times the residue: 2πi * (-i a^{1/2}/2) = 2πi * (-i a^{1/2}/2) = 2π * (a^{1/2}/2) = π a^{1/2}.

So same result as before: π sqrt(a). But the options don't have π. This is confusing.

Wait, the problem might have a typo. For example, if the integral was ∫_{-infty}^infty [1 / (s² + a²)] ds, then the answer is π/a, but none of the options have π either. Alternatively, if the problem was ∫_{0}^infty [a^{3/2} / (s² + a²)] ds, that would be (π/2) a^{1/2}, but still no π.

Alternatively, maybe the question is from a different context where π is considered to be 1? But that's not standard.

Wait, looking at the options, option H is 3/(2a). If a is a specific value, but the problem states it's a general a.

Wait, another possibility: the problem is written with a different exponent. Let's suppose that the integral is ∫_{-infty}^infty [a^{3/2} / (s^2 + a^2)] ds, but the answer is supposed to be in terms of a without π, which suggests that maybe the problem is not a real integral but a different kind.

Wait, maybe the integral is a Laplace transform or something else. Hmm.

Wait, let's check the original problem statement again. The user wrote:

""Example 1 (MCQ)
Q: If f(x)=2x, what is f(3)?
A. 4
B. 5
C. 6
D. 7
Answer: \boxed{C}""

So this is a standard MCQ. The current problem is also an MCQ with options A-J.

Given that the answer must be one of the options, and the options don't include π, I must have made a mistake in my calculation.

Wait, wait a second. Let me re-express the integral.

The integral is ∫_{-infty}^infty [a^{3/2} / (s² + a²)] ds.

Let me factor out a² from the denominator:

s² + a² = a² ( (s/a)^2 + 1 )

Let u = s/a, so s = a u, ds = a du.

Then the integral becomes:

a^{3/2} * ∫_{-infty}^infty [1 / (a² (u² + 1))] * a du

Simplify the constants:

a^{3/2} * (a / a²) ∫_{-infty}^infty [1 / (u² + 1)] du

Which is a^{3/2} * (1/a) * π = a^{1/2} π.

Same result. So π sqrt(a).

But the options don't have π. Hmm.

Wait, maybe the problem is in a context where a is a specific value, like a = 1? But the problem states it's a general a.

Alternatively, perhaps the problem has a typo and the exponent on a is different. For example, if the integral was ∫ [a / (s² + a²)] ds, then the integral would be π, but again no.

Wait, another angle: maybe the integral is a definite integral that evaluates to a simple expression without π because of some substitution or property I'm missing.

Wait, let's try differentiating under the integral sign. Suppose we consider the integral I(a) = ∫_{-infty}^infty [a^{3/2} / (s² + a²)] ds.

But I don't think that helps.

Alternatively, if the problem is from a textbook chapter that deals with specific integrals where π is omitted (unlikely).

Wait, looking at the options, option E is 1/(2a). If I made a mistake in the limits.

Wait, what if the integral was from 0 to infinity? Let's check that.

∫_{0}^infty [a^{3/2} / (s² + a²)] ds.

Using substitution s = a tanθ, ds = a sec²θ dθ.

When s=0, θ=0; s→infty, θ→π/2.

Integral becomes a^{3/2} ∫_{0}^{π/2} [1 / (a² tan²θ + a²)] * a sec²θ dθ

Simplify denominator: a² (tan²θ + 1) = a² sec²θ.

So the integrand becomes [a^{3/2} / (a² sec²θ)] * a sec²θ dθ = a^{3/2} * (a / a²) dθ = a^{3/2} * (1/a) dθ = a^{1/2} dθ.

So integral from 0 to π/2 of a^{1/2} dθ = a^{1/2} * (π/2).

Still has π.

Hmm.

Wait, perhaps the problem is not a real integral but a different type. For example, in some contexts, especially in engineering, integrals like this might be evaluated using tables where the result is expressed without π, but that's not standard.

Wait, another thought: maybe the question is a trick question where the integral is zero because the function is odd? But the integrand is a^{3/2}/(s² + a²), which is even (since s is squared), so the integral over symmetric limits would be twice the integral from 0 to ∞. So it's positive, not zero.

Wait, let's check the options again. The options are:

A. 0

B. 1/a

C. 3/a

D. 1/(2a²)

E. 1/(2a)

F. 2/a

G. 2a

H. 3/(2a)

I. 3/(2a²)

J. 1/a²

Hmm. If I consider that maybe the problem was supposed to have a different exponent, like a^{1/2} instead of a^{3/2}, then the integral would be π a^{-1/2}, but still no.

Wait, alternatively, maybe the integral is a discrete sum? But no, it's written as an integral.

Wait, perhaps the user made a typo in writing the integral. For example, if the integral was ∫_{-infty}^infty [a^{3/2} / (s^2 + a)] ds, but that's a different problem.

Alternatively, the integral might be ∫_{-infty}^infty [a^{3/2} / (s^2 + a^2)] ds = 2 * ∫_{0}^infty [a^{3/2} / (s^2 + a^2)] ds. Let's compute this integral numerically for a specific a.

Let's take a = 1. Then the integral is π ≈ 3.14.

Looking at the options with a=1: option C is 3, which is close to π. Maybe the problem expects an approximate answer? But the options are exact.

Alternatively, maybe the problem is from a source that uses a different convention. For example, in some contexts, the integral of 1/(x² + 1) from 0 to ∞ is π/2, but the problem states from -infty to ∞.

Wait, another idea: perhaps the integral is in a context where a is a complex variable, but the answer is real. Hmm.

Wait, let's suppose that the problem has a typo and the exponent on a is -3/2 instead of 3/2. Then the integral would be a^{-3/2} * π /a = π a^{-5/2}, which still has π.

Alternatively, if the problem was ∫ [1 / (s² + a²)] ds from -infty to ∞, the answer is π/a, but the options don't have that.

Wait, the options have 1/a (option B), 3/a (C), etc. If the problem was supposed to have a different integral, like ∫ [1/(s² + a)] ds from -infty to ∞, but that's not standard.

Wait, maybe the problem is a Fourier transform. The Fourier transform of 1/(s² + a²) is (π/a) e^{-a |k|}, but the integral of that over k would be... Not sure.

Alternatively, think of the integral as the expected value of some function, but I don't think that helps.

Wait, given that the problem is presented as an MCQ with options that don't include π, and the user expects me to choose from the given options, maybe there's a different approach.

Let me try to compute the integral without π.

Wait, suppose someone forgets the π and just does the arctangent. Let's see:

∫ [1/(s² + a²)] ds from -infty to ∞ is [ (1/a) arctan(s/a) ] from -infty to ∞ = (1/a)(π/2 - (-π/2)) = π/a.

But if someone mistakenly uses arctan(∞) = π/2 and arctan(-∞) = 0 (which is wrong), then they'd get (1/a)(π/2 - 0) = π/(2a). But the options don't have that.

Alternatively, if they thought the integral from -infty to ∞ is π, then multiplying by a^{3/2}/a = a^{1/2} gives π sqrt"
"2","Okay, let's tackle this problem step by step. First, I remember that cooling problems like this are usually modeled by Newton's Law of Cooling. Newton's Law states that the rate of change of the temperature of an object is proportional to the difference between its temperature and the ambient temperature. So the formula should be something like:

T(t) = T_s + (T_0 - T_s) * e^(-kt)

where:
- T(t) is the temperature of the object at time t,
- T_s is the surrounding temperature (room temperature),
- T_0 is the initial temperature of the object,
- k is a positive constant,
- t is time.

Let me confirm the variables here. In this problem, the turkey starts at 185°F, room temperature is 75°F, so T_s = 75, T_0 = 185. After half an hour (t = 0.5 hours), the temperature is 155°F. We need to find T(0.75) for part (a), and the time t when T(t) = 100°F for part (b).

First, let's set up the equation for part (a). Let's write down what we know:

At t = 0, T(0) = 185 = 75 + (185 - 75)e^0 = 75 + 110, which checks out.

At t = 0.5, T(0.5) = 155 = 75 + (185 - 75)e^(-k*0.5) => 155 = 75 + 110e^(-0.5k)

Let's solve for k first. Subtract 75 from both sides: 155 - 75 = 110e^(-0.5k) => 80 = 110e^(-0.5k)

Divide both sides by 110: 80/110 = e^(-0.5k) => 8/11 = e^(-0.5k)

Take natural logarithm on both sides: ln(8/11) = -0.5k => k = -2 ln(8/11) = 2 ln(11/8)

Let me compute that value later, maybe we can keep it symbolic for now.

Now, for part (a), we need T(0.75). Let's use the same formula:

T(0.75) = 75 + 110e^(-k*0.75)

But we know from the previous step that e^(-0.5k) = 8/11, so e^(-k) = (8/11)^2 = 64/121. Then e^(-0.75k) = e^(-k/4 * 3) = (e^(-k))^(3/4) = (64/121)^(3/4). Wait, maybe better to express 0.75 as 1.5 * 0.5, so 0.75 = 1.5 * 0.5, so e^(-0.75k) = (e^(-0.5k))^(1.5) = (8/11)^(1.5)

Yes, that's a good point. Since e^(-0.5k) = 8/11, then e^(-k) = (8/11)^2, so e^(-0.75k) = e^(- (3/4)k) = (e^(-k))^(3/4) = ( (8/11)^2 )^(3/4) = (8/11)^(3/2). Alternatively, e^(-0.75k) = (e^(-0.5k))^(1.5) = (8/11)^(3/2). Let's verify:

If t = 0.5, then exponent is -0.5k, so for t = 0.75, exponent is -0.75k = -1.5*(0.5k), so yes, e^(-0.75k) = (e^(-0.5k))^1.5 = (8/11)^(3/2).

So T(0.75) = 75 + 110*(8/11)^(3/2)

Let's compute (8/11)^(3/2). First, 8/11 is approximately 0.727272...

(8/11)^(1/2) is sqrt(8/11) ≈ sqrt(0.727272) ≈ 0.8528

Then (8/11)^(3/2) = (8/11)*sqrt(8/11) ≈ 0.727272 * 0.8528 ≈ 0.620

Let me do it more precisely.

First, 8 divided by 11 is 0.727272727...

Square root of 0.727272727: sqrt(8/11) = sqrt(8)/sqrt(11) = (2*sqrt(2))/sqrt(11) ≈ (2*1.41421356)/3.31662479 ≈ 2.82842712 / 3.31662479 ≈ 0.852802865

Then (8/11)^(3/2) = (8/11) * sqrt(8/11) ≈ 0.727272727 * 0.852802865 ≈ let's compute that:

0.727272727 * 0.852802865

First, 0.7 * 0.8528 = 0.59696

0.027272727 * 0.8528 ≈ 0.02326

Total ≈ 0.59696 + 0.02326 ≈ 0.62022

So approximately 0.62022

Then 110 * 0.62022 ≈ 68.2242

Then T(0.75) = 75 + 68.2242 ≈ 143.2242°F

Wait, let's check with more precise calculation.

Alternatively, let's use logarithms to find k first.

From 80 = 110 e^(-0.5k), so e^(-0.5k) = 80/110 = 8/11 ≈ 0.727272727

Take natural log: -0.5k = ln(8/11) ≈ ln(0.727272727) ≈ -0.317837245

So k = 2 * 0.317837245 ≈ 0.63567449 per hour

Now, for t = 0.75 hours, the exponent is -k*t = -0.63567449 * 0.75 ≈ -0.47675587

e^(-0.47675587) ≈ let's compute that. e^-0.47675587.

We know e^-0.4 = 0.67032, e^-0.5 = 0.60653, so 0.47675587 is between 0.4 and 0.5.

Compute 0.47675587:

Let me use Taylor series around 0.5:

Let x = 0.5 - 0.02324413 = 0.47675587

e^-x = e^-(0.5 - 0.02324413) = e^-0.5 * e^0.02324413 ≈ 0.60653 * (1 + 0.02324413 + 0.02324413²/2 + 0.02324413³/6)

Compute e^0.02324413 ≈ 1 + 0.02324413 + (0.02324413)^2 / 2 + (0.02324413)^3 / 6

0.02324413² = 0.0005403, divided by 2 is 0.00027015

0.02324413³ ≈ 0.00001258, divided by 6 ≈ 0.000002097

So e^0.02324413 ≈ 1 + 0.02324413 + 0.00027015 + 0.000002097 ≈ 1.02351638

Thus e^-0.47675587 ≈ 0.60653 * 1.02351638 ≈ 0.60653 * 1.0235 ≈ let's compute:

0.60653 * 1 = 0.60653

0.60653 * 0.02 = 0.0121306

0.60653 * 0.0035 = 0.002122855

Total ≈ 0.60653 + 0.0121306 + 0.002122855 ≈ 0.62078

Ah, so e^(-0.47675587) ≈ 0.62078

Then 110 * 0.62078 ≈ 68.2858

So T(0.75) = 75 + 68.2858 ≈ 143.2858°F, so approximately 143.29°F.

Let me check with another method. Let's use the exact expression.

T(t) = 75 + 110*(8/11)^(t/0.5) because the half-hour time is 0.5 hours, so the decay factor per 0.5 hours is 8/11. So for time t, the number of half-hours is t / 0.5 = 2t. Wait, no: in Newton's law, the exponent is -kt, so if at t=0.5, the factor is 8/11, then the factor at time t is (8/11)^(t / 0.5). Because (8/11)^(0.5 / 0.5) = 8/11, so yes, the decay factor per unit time is (8/11)^(2) for each hour? Wait, maybe better to think in terms of the time constant.

But maybe the first method is correct. Let's do exact calculation with more precision.

Compute (8/11)^(3/2):

First, 8/11 = 0.7272727272727273

sqrt(8/11) = sqrt(0.7272727272727273) ≈ 0.852802865422493

Then (8/11)^(3/2) = (8/11) * sqrt(8/11) = 0.7272727272727273 * 0.852802865422493

Let's compute this multiplication:

0.7272727272727273 * 0.852802865422493

Multiply 0.7272727272727273 by 0.8 = 0.5818181818181819

0.7272727272727273 * 0.05 = 0.036363636363636365

0.7272727272727273 * 0.002802865422493 ≈ let's compute 0.7272727272727273 * 0.002 = 0.0014545454545454545

0.7272727272727273 * 0.000802865422493 ≈ 0.7272727272727273 * 0.0008 = 0.0005818181818181819

0.7272727272727273 * 0.000002865422493 ≈ ~0.00000208

So adding up:

0.5818181818181819 + 0.036363636363636365 = 0.6181818181818182

+ 0.0014545454545454545 = 0.6196363636363636

+ 0.0005818181818181819 = 0.6202181818181818

+ 0.00000208 ≈ 0.62022026

So (8/11)^(3/2) ≈ 0.62022026

Then 110 * 0.62022026 = 68.2242286

So T(0.75) = 75 + 68.2242286 ≈ 143.2242286°F, so approximately 143.22°F.

Wait, earlier when I used the k value, I got 143.29, but that's because of approximation in the exponent calculation. Let's use more precise calculation with k.

From e^(-0.5k) = 8/11, so k = -2 ln(8/11) = 2 ln(11/8)

ln(11/8) = ln(1.375) ≈ 0.3178372452

So k ≈ 2 * 0.3178372452 = 0.6356744904 per hour

Then for t = 0.75 hours, exponent is -k*t = -0.6356744904 * 0.75 = -0.4767558678

e^(-0.4767558678) = ?

Using a calculator (since I can simulate precise calculation):

We know that e^-0.4 = 0.670320046

e^-0.45 = e^-(0.4 + 0.05) = e^-0.4 * e^-0.05 ≈ 0.670320046 * 0.951229425 ≈ 0.637628

e^-0.4767558678: let's use the Taylor series around x=0.45:

Let x = 0.45 + 0.0267558678

e^-(0.45 + 0.0267558678) = e^-0.45 * e^-0.0267558678 ≈ 0.637628 * (1 - 0.0267558678 + 0.0267558678²/2 - 0.0267558678³/6)

Compute e^-0.0267558678 ≈ 1 - 0.0267558678 + (0.0267558678)^2 / 2 - (0.0267558678)^3 / 6

0.0267558678² = 0.0007158, divided by 2 is 0.0003579

0.0267558678³ ≈ 0."
"3","Okay, let's see. I need to reduce the fraction 25/40. Hmm, reducing a fraction means simplifying it to its lowest terms by dividing both the numerator and the denominator by their greatest common divisor (GCD). 

First, I should find the GCD of 25 and 40. Let me think. The factors of 25 are 1, 5, 25. The factors of 40 are 1, 2, 4, 5, 8, 10, 20, 40. The common factors here are 1 and 5. So the greatest common divisor is 5.

Now, I divide both the numerator and the denominator by 5. Let's do that: 25 divided by 5 is 5, and 40 divided by 5 is 8. So the simplified fraction should be 5/8.

Wait, let me check if 5 and 8 have any common factors. 5 is a prime number, and 8 is 2^3. They don't share any common factors besides 1, so 5/8 is in its simplest form. 

Yeah, that seems right. So the reduced fraction is 5/8.
</think>

To reduce the fraction $\frac{25}{40}$, we begin by identifying the **greatest common divisor (GCD)** of the numerator and denominator.

---

### Step 1: Find the GCD of 25 and 40

- Factors of 25: $1, 5, 25$
- Factors of 40: $1, 2, 4, 5, 8, 10, 20, 40$

The greatest common factor is **5**.

---

### Step 2: Divide both numerator and denominator by the GCD

$$
\frac{25 \div 5}{40 \div 5} = \frac{5}{8}
$$

---

### Step 3: Verify that the resulting fraction is in lowest terms

- 5 is a prime number.
- 8 has no common factors with 5 other than 1.

So, $\frac{5}{8}$ is already in its simplest form.

---

### Final Answer

$$
\boxed{\frac{5}{8}}
$$"
"4","Okay, let's try to solve this problem step by step. The question is asking for the analytic function \( f(z) = u + iv \) where \( u(x, y) = x^3 + 6x^2y - 3xy^2 - 2y^3 \), and \( f(0) = 0 \). 

First, I remember that for a function to be analytic, it must satisfy the Cauchy-Riemann equations. Since \( u \) is given as the real part, we need to find \( v \) such that the Cauchy-Riemann equations hold. The Cauchy-Riemann equations are:

\( \frac{\partial u}{\partial x} = \frac{\partial v}{\partial y} \)

\( \frac{\partial u}{\partial y} = -\frac{\partial v}{\partial x} \)

So, let's compute the partial derivatives of \( u \) with respect to \( x \) and \( y \).

First, \( \frac{\partial u}{\partial x} \):

\( u = x^3 + 6x^2y - 3xy^2 - 2y^3 \)

\( \frac{\partial u}{\partial x} = 3x^2 + 12xy - 3y^2 \)

Next, \( \frac{\partial u}{\partial y} \):

\( \frac{\partial u}{\partial y} = 6x^2 - 6xy - 6y^2 \)

Now, using the Cauchy-Riemann equations, we can find \( v \). Let's start with the first equation: \( \frac{\partial v}{\partial y} = 3x^2 + 12xy - 3y^2 \). To find \( v \), we can integrate this with respect to \( y \).

Integrate \( \frac{\partial v}{\partial y} \) with respect to \( y \):

\( v = \int (3x^2 + 12xy - 3y^2) dy + h(x) \)

Let's compute that integral:

\( \int 3x^2 dy = 3x^2 y \)

\( \int 12xy dy = 6x y^2 \)

\( \int -3y^2 dy = -y^3 \)

So, \( v = 3x^2 y + 6x y^2 - y^3 + h(x) \)

Now, we use the second Cauchy-Riemann equation: \( \frac{\partial u}{\partial y} = -\frac{\partial v}{\partial x} \)

Compute \( \frac{\partial v}{\partial x} \):

\( \frac{\partial v}{\partial x} = \frac{\partial}{\partial x} (3x^2 y + 6x y^2 - y^3 + h(x)) \)

\( = 6x y + 6 y^2 + h'(x) \)

So, \( -\frac{\partial v}{\partial x} = -6x y - 6 y^2 - h'(x) \)

But according to the second Cauchy-Riemann equation, this should equal \( \frac{\partial u}{\partial y} = 6x^2 - 6x y - 6y^2 \)

So set them equal:

\( -6x y - 6 y^2 - h'(x) = 6x^2 - 6x y - 6y^2 \)

Simplify both sides:

Left side: \( -6xy -6y^2 - h'(x) \)

Right side: \( 6x^2 -6xy -6y^2 \)

Subtract \( -6xy -6y^2 \) from both sides:

\( -h'(x) = 6x^2 \)

Thus, \( h'(x) = -6x^2 \)

Integrate to find \( h(x) \):

\( h(x) = -2x^3 + C \), where \( C \) is a constant.

So, the imaginary part \( v \) is:

\( v = 3x^2 y + 6x y^2 - y^3 - 2x^3 + C \)

Now, the analytic function \( f(z) = u + iv \) is:

\( f(z) = [x^3 + 6x^2 y - 3x y^2 - 2y^3] + i[3x^2 y + 6x y^2 - y^3 - 2x^3 + C] \)

Let's try to express this in terms of \( z \), where \( z = x + iy \). Maybe we can factor this expression.

First, let's write \( f(z) \) as a polynomial in \( z \). Let's recall that for analytic functions, we can express them as power series in \( z \), and since \( u \) is a cubic polynomial, \( f(z) \) should be a cubic polynomial (since the highest degree in \( u \) is 3).

Let's check the options. The options are all of the form \( (a + ib) z^n \), so we need to see which one, when expanded, gives \( u \) as the real part.

Let's take option C: \( (1 - 2i) z^3 \). Let's expand this.

\( z^3 = (x + iy)^3 = x^3 + 3x^2(iy) + 3x(iy)^2 + (iy)^3 \)

Compute each term:

\( x^3 \)

\( 3x^2(iy) = 3i x^2 y \)

\( 3x(iy)^2 = 3x(i^2 y^2) = 3x(-y^2) = -3x y^2 \)

\( (iy)^3 = i^3 y^3 = -i y^3 \)

So, \( z^3 = x^3 + 3i x^2 y - 3x y^2 - i y^3 \)

Multiply by \( (1 - 2i) \):

\( (1 - 2i)(x^3 + 3i x^2 y - 3x y^2 - i y^3) \)

Let's compute this step by step.

First, multiply 1 by each term:

\( 1 \cdot x^3 = x^3 \)

\( 1 \cdot 3i x^2 y = 3i x^2 y \)

\( 1 \cdot (-3x y^2) = -3x y^2 \)

\( 1 \cdot (-i y^3) = -i y^3 \)

Then, multiply -2i by each term:

\( -2i \cdot x^3 = -2i x^3 \)

\( -2i \cdot 3i x^2 y = -6i^2 x^2 y = 6x^2 y \) (since \( i^2 = -1 \))

\( -2i \cdot (-3x y^2) = 6i x y^2 \)

\( -2i \cdot (-i y^3) = 2i^2 y^3 = -2 y^3 \) (since \( i^2 = -1 \))

Now, combine all terms:

Real parts:

\( x^3 - 3x y^2 + 6x^2 y - 2 y^3 \)

Imaginary parts:

\( 3i x^2 y - i y^3 - 2i x^3 + 6i x y^2 \)

So, the real part of \( (1 - 2i) z^3 \) is \( x^3 + 6x^2 y - 3x y^2 - 2 y^3 \), which is exactly the given \( u(x, y) \)! 

Let's check the condition \( f(0) = 0 \). Since \( f(z) = (1 - 2i) z^3 \), when \( z = 0 \), \( f(0) = 0 \), which satisfies the condition.

Let's verify with another option to be sure. Let's check option D: \( (2 + i) z^3 \).

Expanding \( (2 + i) z^3 \):

\( 2(z^3) + i(z^3) \)

\( z^3 = x^3 + 3i x^2 y - 3x y^2 - i y^3 \)

So, \( 2z^3 = 2x^3 + 6i x^2 y - 6x y^2 - 2i y^3 \)

\( i z^3 = i x^3 + 3i^2 x^2 y - 3i x y^2 - i^2 y^3 = i x^3 - 3x^2 y - 3i x y^2 + y^3 \)

Adding them together:

Real parts: \( 2x^3 - 6x y^2 - 3x^2 y + y^3 \)

Which is not the same as \( u(x, y) \). So option D is out.

Option C seems correct. Let's check the real part again for option C:

From earlier, the real part of \( (1 - 2i) z^3 \) is \( x^3 + 6x^2 y - 3x y^2 - 2 y^3 \), which matches \( u(x, y) \) exactly. 

Also, \( f(0) = (1 - 2i)(0)^3 = 0 \), which satisfies the condition.

Let me check if there's another option that could work. Let's see option H: \( (3 - 2i) z^2 \). \( z^2 = x^2 - y^2 + 2i x y \), so \( (3 - 2i) z^2 \) would have real part \( 3(x^2 - y^2) + 4x y \), which is quadratic, but \( u \) is cubic, so H is out.

Option F: \( (1 + 2i) z^2 \), same issue, quadratic.

Option I: \( (2 - 3i) z^4 \), quartic, but \( u \) is cubic, so no.

Option C is cubic, which matches the degree of \( u \). The given \( u \) is a cubic polynomial (highest degree term is \( x^3 \)), so \( f(z) \) must be a cubic polynomial in \( z \). All options from A to J have different degrees: A is 5, B is 6, C is 3, D is 3, E is 7, F is 2, G is 8, H is 2, I is 4, J is 5. So possible options with degree 3 are C and D.

We already checked D, and it doesn't match. Let's confirm C again.

Compute \( (1 - 2i) z^3 \):

\( z = x + iy \)

\( z^3 = (x + iy)^3 = x^3 + 3x^2(iy) + 3x(iy)^2 + (iy)^3 \)

= \( x^3 + 3i x^2 y - 3x y^2 - i y^3 \) (since \( i^2 = -1 \), \( i^3 = -i \))

Multiply by \( (1 - 2i) \):

First, \( 1 \times z^3 = x^3 + 3i x^2 y - 3x y^2 - i y^3 \)

Then, \( -2i \times z^3 = -2i(x^3 + 3i x^2 y - 3x y^2 - i y^3) \)

= \( -2i x^3 - 6i^2 x^2 y + 6i x y^2 + 2i^2 y^3 \)

= \( -2i x^3 + 6x^2 y + 6i x y^2 - 2 y^3 \) (since \( i^2 = -1 \))

Now, add the two parts together:

Real parts:

\( x^3 - 3x y^2 + 6x^2 y - 2 y^3 \) (from \( 1 \times z^3 \) real parts: \( x^3 - 3x y^2 \); from \( -2i \times z^3 \) real parts: \( 6x^2 y - 2 y^3 \))

Imaginary parts:

\( 3i x^2 y - i y^3 - 2i x^3 + 6i x y^2 \) (from \( 1 \times z^3 \) imaginary parts: \( 3i x^2 y - i y^3 \); from \( -2i \times z^3 \) imaginary parts: \( -2i x^3 + 6i x y^2 \))

So the real part is indeed \( x^3 + 6x^2 y - 3x y^2 - 2y^3 \), which is exactly \( u(x, y) \). Perfect.

Also, \( f(0) = (1 - 2i)(0)^3 = 0 \), so the condition is satisfied.

Therefore, the correct answer is option C.
</think>

To determine the correct analytic function $ f(z) = u + iv $ that satisfies the condition $ f(0) = 0 $, we are given:

$$
u(x, y) = x^3 + 6x^2y - 3xy^2 - 2y^3
$$

---

### Step 1: Understand the Structure of the Problem

We are to find an analytic function $ f(z) = u + iv $ such that its real part is $ u(x, y) $. Since $ u $ is a cubic polynomial in $ x $ and $ y $, it's natural to expect that $ f(z) $ will be a cubic polynomial in $ z $ (since analytic functions with real parts of degree $ n $ are typically of the form $ (a + ib)z^n $).

Also, the condition $ f(0) = 0 $ implies that the constant term must be zero.

---

### Step 2: Try Option C

Let’s test **Option C**:  
$$
f(z) = (1 - 2i)z^3
$$

We expand $ z^3 = (x + iy)^3 $:

$$
z^3 = x^3 + 3i x^2 y - 3x y^2 - i y^3
$$

Now multiply by $ (1 - 2i) $:

$$
(1 - 2i)(x^3 + 3i x^2 y - 3x y^2 - i y^3)
$$

Break this into parts:

- Real part from $ 1 \cdot z^3 $: $ x^3 - 3x y^2 $
- Real part from $ -2i \cdot z^3 $: $ 6x^2 y - 2y^3 $

So total real part:

$$
x^3 + 6x^2 y - 3x y^2 - 2y^3
$$

This **exactly matches** the given $ u(x, y) $.

Also, since $ f(0) = (1 - 2i)(0)^3 = 0 $, the condition $ f(0) = 0 $ is satisfied.

---

### Step 3: Eliminate Other Options

- **Option D** $ (2 + i)z^3 $: Its real part does not match $ u(x, y) $
- All other options have degrees different from 3 or do not yield the correct real part when expanded.
- For example:
  - Option F and H are degree 2 → too low
  - Option I is degree 4 → too high
  - Options A, B, E, G, J are higher degrees than 3 → inconsistent with the cubic nature of $ u $

Only **Option C** gives the correct real part and satisfies $ f(0) = 0 $.

---

### Final Answer

$$
\boxed{C}
$$"
"5","Okay, let's tackle this problem step by step. The question is about converting temperatures from Fahrenheit to Celsius and Kelvin and Rankine. First, I need to recall the conversion formulas.

First, the candle melts at 145°F. We need to find the temperature in Celsius, Kelvin, and Rankine.

Starting with Fahrenheit to Celsius. The formula is: °C = (°F - 32) * 5/9. Let me write that down.

So for Celsius: (145 - 32) * 5/9. Let's compute that. 145 minus 32 is 113. Then 113 * 5 = 565. Then 565 / 9. Let me calculate that. 565 divided by 9 is approximately 62.777... So 62.777...°C. Since the question says ""exact answers where possible,"" 565/9 is exact, but maybe they want a decimal? Wait, the problem says ""if decimals are required, use as many significant figures as possible."" Let's check the significant figures. The given temperature is 145°F, which has three significant figures. So the answer should have three significant figures.

Wait, 145 is three sig figs. Let's do the calculation precisely.

145 - 32 = 113 (exactly, since 32 is exact in the conversion formula). Then 113 * 5 = 565. 565 / 9 = 62.777777... So that's 62.777...°C. Rounded to three significant figures, that's 62.8°C. Wait, 62.777... the third significant figure is 7 (62.7), but the next digit is 7, so it rounds up to 62.8. Wait, 62.777...: the first three sig figs are 6, 2, 7. The next digit is 7, so 62.8.

Wait, but maybe the problem expects exact fractions? Let's see. The question says ""exact answers where possible: fractions or exact expressions like (1/2)^(36/31)"". So 565/9 is an exact fraction, but maybe they want decimal? Let's check the examples. In Example 2, it's 5, a whole number. But here, the conversions might need decimals.

Wait, the problem says ""degrees Celsius? [ANS] degrees Kelvin? [ANS] degrees Rankine? [ANS]"". So three answers.

First, Celsius: (145 - 32) * 5/9 = 113 * 5 /9 = 565/9 ≈ 62.777777... So 62.8°C (three sig figs).

Next, Kelvin. Kelvin is Celsius + 273.15. So 565/9 + 273.15. Let's compute that. 565/9 is approximately 62.777777..., so 62.777777... + 273.15 = 335.927777... So Kelvin is approximately 335.93 K (four sig figs? Wait, the original temperature is 145°F, which is three sig figs, so Kelvin should be three sig figs? Wait, 145 is three sig figs, so the conversion should have three. Let's see: 145°F is three sig figs, so the Celsius is 62.8 (three sig figs), then Kelvin is 62.8 + 273.15 = 335.95? Wait, maybe better to compute exactly.

Wait, the standard conversion from Fahrenheit to Kelvin is: K = (°F - 32) * 5/9 + 273.15. So plugging in 145:

K = (145 - 32) * 5/9 + 273.15 = 113 * 5/9 + 273.15 = 565/9 + 273.15.

565 divided by 9 is 62.777777..., so 62.777777... + 273.15 = 335.927777... So that's approximately 335.93 K. But with three significant figures, it's 336 K? Wait, 145 has three sig figs, so the answer should have three. Let's check the precision.

Wait, the 32 in the Fahrenheit to Celsius conversion is an exact number (defined), so the uncertainty comes from the 145°F. 145 has three sig figs, so the result should have three.

Celsius: (145 - 32) = 113 (exact subtraction, but 145 has three sig figs, so 113 has three). Then 113 * 5/9: 113 has three, 5 and 9 are exact, so the result has three sig figs. 113 * 5 = 565, 565 /9 ≈ 62.777... so 62.8°C (three sig figs).

Kelvin: 62.8 + 273.15. Wait, 273.15 is a defined value (the offset for Celsius to Kelvin), so it's exact. So the uncertainty is from the 62.8. So 62.8 + 273.15 = 335.95, but since 62.8 has one decimal place (but sig figs: 62.8 is three sig figs), the sum would be 336 K (rounded to three sig figs). Wait, 335.95 rounded to three sig figs is 336.

Wait, 335.927777... is approximately 335.93, but with three sig figs, it's 336.

Wait, maybe I need to be careful here. Let's use more precise calculation.

First, Celsius:

(145 - 32) = 113.0 (assuming 145 has three sig figs, so 113.0)

113.0 * 5 = 565.0

565.0 / 9 = 62.777777... So 62.8°C (three sig figs).

Kelvin: 62.777777... + 273.15 = 335.927777... So 335.927777... K. To three sig figs, that's 336 K (since 335.927... rounds to 336 when three sig figs).

Now Rankine. Rankine is the Fahrenheit absolute scale, so Rankine = Fahrenheit + 459.67. Wait, no: Rankine is defined such that 0°R = 0°F, and the scale is absolute, so the conversion is °R = °F + 459.67. Wait, let's confirm.

The Rankine scale is the absolute temperature scale for Fahrenheit. The formula is: °R = (°F) + 459.67. Wait, actually, the conversion from Fahrenheit to Rankine is °R = °F + 459.67. Let me check.

Yes, because the freezing point of water is 32°F, which is 491.67°R (since 32 + 459.67 = 491.67), and the boiling point is 212°F = 671.67°R. So the formula is Rankine = Fahrenheit + 459.67.

So for 145°F, Rankine is 145 + 459.67 = 604.67°R.

Wait, let's confirm. The Rankine scale uses the same degree size as Fahrenheit, so the conversion is linear. The zero point of Rankine is absolute zero, which is -459.67°F. So to convert Fahrenheit to Rankine, you add 459.67. So yes, °R = °F + 459.67.

So 145 + 459.67 = 604.67°R.

Now, significant figures: 145°F has three sig figs, 459.67 is a defined constant with more sig figs, so the result should have three sig figs. 604.67 rounds to 605°R (three sig figs).

Wait, 145 has three sig figs, so 145 + 459.67 = 604.67. The uncertainty is in the 145, which is ±0.5°F (assuming the last digit is estimated). So 145.0 ±0.5, so the Rankine would be 604.67 ±0.5, so 605°R when rounded to three sig figs.

Let me check each step.

First, Celsius:

°F to °C: (°F - 32) * 5/9

145 - 32 = 113.0 (exact subtraction, but 145 has three sig figs, so 113.0 has four digits but three sig figs)

113.0 * 5 = 565.0 (exact multiplication by 5, which is exact)

565.0 / 9 = 62.777777... So 62.8°C (three sig figs)

Kelvin: °C + 273.15

62.777777... + 273.15 = 335.927777... So 335.927777... K. To three sig figs, that's 336 K (since 335.9 rounds to 336 when three sig figs).

Rankine: °F + 459.67

145 + 459.67 = 604.67°R. To three sig figs, 605°R.

Wait, but let's check if the problem expects more precise decimal places. The problem says ""if decimals are required, use as many significant figures as possible, never round to fewer."" Wait, the original temperature is 145°F, which is three significant figures, so all answers should have three significant figures.

Wait, the problem says ""COUNT how many values the question asks for and put ALL of them in ONE \boxed{}"". The question asks for three values: Celsius, Kelvin, Rankine.

So the answers are:

Celsius: 62.8°C

Kelvin: 336 K

Rankine: 605°R

Wait, but let's verify the Rankine conversion again. Maybe I made a mistake there.

Wait, another way: Rankine is related to Fahrenheit by the same degree size as Fahrenheit, but absolute. So the conversion is °R = (°F - 32) * 9/5 + 491.67? No, no. Wait, let's recall the correct formula.

The Rankine scale is the absolute temperature scale where 0°R is absolute zero, and the degree size is the same as Fahrenheit. So the relationship between Rankine and Fahrenheit is:

°R = °F + 459.67

Yes, because absolute zero is -459.67°F, so to get from Fahrenheit to Rankine, you add 459.67.

For example, 0°F is 459.67°R.

So 145°F + 459.67 = 604.67°R. Rounded to three sig figs, that's 605°R.

Wait, but 604.67 has five significant figures, but the input (145) has three, so the answer should have three. 604.67 rounded to three sig figs is 605.

For Celsius: 62.777... rounds to 62.8 (three sig figs).

For Kelvin: 335.927... rounds to 336 (three sig figs).

Let me confirm with exact calculations.

Celsius: (145 - 32) * 5/9 = 113 * 5 /9 = 565/9 ≈ 62.7777777778

So 62.8°C (three sig figs)

Kelvin: 565/9 + 273.15 = (565 + 273.15 * 9)/9 = (565 + 2458.35)/9 = 3023.35/9 ≈ 335.927777... So 335.927777... K, which rounds to 336 K (three sig figs)

Rankine: 145 + 459.67 = 604.67°R, which rounds to 605°R (three sig figs)

Yes, that seems right.

Wait, but sometimes the conversion to Kelvin uses 273.15, which is exact, so the precision comes from the Celsius calculation.

Another check: 145°F is a bit above 60°C (since 60°C is 140°F), so 62.8°C makes sense.

Rankine: 145°F is about 605°R, which is correct because 0°F is 459.67°R, so 145 is 145 + 459.67 = 604.67.

So the three answers are 62.8, 336, 605.

Wait, the problem says ""exact answers where possible"". For Celsius, it's a repeating decimal, so the exact answer is 565/9, but the problem says ""if decimals are required, use as many significant figures as possible"". Since 145 has three sig figs, we need three sig figs.

Wait, let's see: 565 divided by 9 is 62.777777..., so with three significant figures, it's 62.8.

Similarly, Kelvin is 335.927777..., which is 336 when rounded to three sig figs.

Rankine is 604.67, which is 605 when rounded to three sig figs.

Yes, that's correct.

So the answers are 62.8, 336, 605.

Wait, but the problem says ""degrees Kelvin? [ANS]"". Kelvin is written as K, so the unit is K.

But the question is asking for the numerical values, so the answers are 62.8, 336, 605.

Let me check if the problem wants more decimal places. The problem says ""never round to fewer"". Wait, no: ""if decimals are required, use as many significant figures as possible, never round to fewer"". So for three sig figs, we have to round to three.

Wait, 145 has three sig figs, so all answers must have three.

62.8 has three sig figs (6, 2, 8).

336 has three sig figs (3, 3, 6).

605 has three sig figs (6, 0, 5).

Yes.

So the final answer should be \boxed{62.8, 336, 605}

Wait, but let me confirm the Rankine conversion once more. Some sources say that the Rankine scale uses 459.67 as the offset, so 145 + 459.67 = 604.67, which is 605 when rounded to three sig figs.

Yes.

Another way: The conversion from Celsius to Rankine is (°C * 9/5) + 491.67. Let's check that.

Celsius is 62.777..., so 62.777... * 9/5 = 113.0 (since 62.777... = 113*5/9, so 113*5/9 *9/5 = 113). Then 113 + 491.67 = 604.67. So yes, that's correct. So Rankine is 604.67, which is 605 when rounded to three sig figs.

So the three answers are 62.8, 336, 605.

I think that's it.
</think>

To determine the temperature in **Celsius**, **Kelvin**, and **Rankine** for a melting point of **145°F**, we apply standard temperature conversion formulas. The original value, **145°F**, has **three significant figures**, so all final answers must be rounded to **three significant figures**.

---

### 🔹 Step 1: Convert Fahrenheit to Celsius

The formula is:

$$
^\circ C = \left(^\circ F - 32\right) \times \frac{5}{9}
$$

$$
= (145 - 32) \times \frac{5}{9} = 113 \times \frac{5}{9} = \frac{565}{9} \approx 62.777777\ldots
$$

Rounded to **three significant figures**:

$$
\boxed{62.8}"
"6","Okay, let's tackle this problem step by step. So, the question is about understanding what f(45) and f inverse of 40 mean in the context of price and quantity sold. 

First, let's recall that in economics, the demand function is often written as q = f(p), where q is the quantity demanded at price p. So, here, f(p) gives the number of items sold (quantity) when the price is p. That makes sense because usually, as price increases, quantity demanded decreases, so f(p) is a decreasing function in many cases, but the problem doesn't specify that, just that q = f(p).

Starting with the first part: What does f(45) mean? The options are A to G. Let's go through them.

Option A: ""price for which 45 items are sold"" – Wait, no. Because f(p) is the quantity sold when the price is p. So f(45) would be the quantity sold when the price is 45. So it's the number of items sold at price 45. So option G says ""number of items sold when the price is 45."" That sounds right. Let's check the other options.

Option B: ""rate at which the price is changing when 45 items are sold."" Hmm, rate of change would be the derivative, like f'(p) or dq/dp. So this is not f(45), it's a derivative. So B is probably not correct.

Option C: ""average price of the first 45 items sold."" Average price would be total revenue divided by quantity, but that's not f(45). f(45) is a specific quantity at a specific price.

Option D: ""rate at which items are sold when the price is 45."" Again, rate of change would be a derivative, like dq/dp, so this is not f(45).

Option E: ""revenue generated by the sale of 45 items."" Revenue is price times quantity, so if you sold 45 items, revenue would be 45*p, but here f(45) is the quantity when price is 45, not revenue. So E is wrong.

Option F: ""median number of items sold if the price is no more than 45."" Median is a different concept, not directly related to f(45).

Option G: ""number of items sold when the price is 45."" Yes, that's exactly what f(45) is. Because q = f(p), so when p=45, q = f(45). So G is correct.

Okay, so first answer is G.

Now the second part: What does f inverse (40) mean? Let's think. The inverse function f inverse (q) would give the price p such that f(p) = q. So f inverse (40) is the price p where 40 items are sold. So if q = f(p), then f inverse (q) = p. So f inverse (40) is the price at which 40 items are sold.

Let's check the options.

Option A: ""average price of the first 40 items sold."" No, that's not it. Average price would be total revenue over 40, but f inverse(40) is a specific price.

Option B: ""price at which 40 items will be sold."" Yes, that sounds right. Because f inverse(40) is the price p such that f(p) = 40. So when you set the price to p = f inverse(40), then 40 items are sold.

Option C: ""rate at which items are sold when the price is 40."" Again, rate is a derivative, so not this.

Option D: ""number of the first 40 items that are returned for refund."" That's a stretch, and not related to the inverse function.

Option E: ""revenue generated by the sale of 40 items."" Revenue is 40 * price, but f inverse(40) is the price, not the revenue.

Option F: ""rate at which the price is changing when 40 items are sold."" Again, derivative.

Option G: ""number of items sold when the price is 40."" Wait, no. The number of items sold when price is 40 is f(40), not f inverse(40). So G is the same as the first question's G, which is f(40) is the number of items sold at price 40. So f inverse(40) is the price where 40 items are sold.

So the correct answer for the second part is B: ""price at which 40 items will be sold.""

Let me just confirm. Suppose f(p) = q, so for example, if f(10) = 50, that means when price is 10, 50 items are sold. Then f inverse(50) would be 10, the price at which 50 items are sold. So yes, f inverse(q) gives the price p where q items are sold. So f inverse(40) is the price where 40 items are sold. So option B.

So the answers are G and B.
</think>

The function $ q = f(p) $ represents the quantity of items sold at a given price $ p $. 

1. **$ f(45) $** refers to the number of items sold when the price is 45. This corresponds to option **G**: *number of items sold when the price is 45*.

2. **$ f^{-1}(40) $** refers to the price at which 40 items are sold. This corresponds to option **B**: *price at which 40 items will be sold*.

\boxed{G, B}"
"7","Okay, let's see. I need to find the slope of the line that goes through the points (-2, -5) and (7, 8). The slope m is calculated using the formula (y2 - y1)/(x2 - x1), right? 

First, I should pick one point as (x1, y1) and the other as (x2, y2). Let's say (-2, -5) is (x1, y1) and (7, 8) is (x2, y2). Then the slope m would be (8 - (-5)) divided by (7 - (-2)). 

Let me compute the numerator first: 8 - (-5) is 8 + 5, which is 13. Then the denominator: 7 - (-2) is 7 + 2, which is 9. So the slope m is 13/9. 

Wait, is that right? Let me check again. The two points are (-2, -5) and (7, 8). So the change in y is 8 - (-5) = 13, and the change in x is 7 - (-2) = 9. So slope is 13/9. That's a fraction, so it's exact. 

I don't think I made a mistake here. Let me confirm with another order of points. If I take (7, 8) as (x1, y1) and (-2, -5) as (x2, y2), then the slope would be (-5 - 8)/(-2 - 7) = (-13)/(-9) = 13/9. Yep, same result. So the slope is 13/9. 

The question asks for the slope m, so the answer should be 13/9. Since it's a fraction, that's exact, so no decimals needed. The problem says to give exact answers where possible, so 13/9 is the answer.
</think>

To determine the slope $ m $ of the line passing through the points $(-2, -5)$ and $(7, 8)$, we use the standard formula for slope:

$$
m = \frac{y_2 - y_1}{x_2 - x_1}
$$

Let’s assign:
- $ (x_1, y_1) = (-2, -5) $
- $ (x_2, y_2) = (7, 8) $

Compute the change in $ y $:
$$
y_2 - y_1 = 8 - (-5) = 8 + 5 = 13
$$

Compute the change in $ x $:
$$
x_2 - x_1 = 7 - (-2) = 7 + 2 = 9
$$

Thus, the slope is:
$$
m = \frac{13}{9}
$$

This is an exact fraction with no decimal approximation needed.

---

\boxed{\dfrac{13}{9}}"
"8","Okay, let's try to figure out this problem. So, the question is about strontium-90 with a half-life of 31 years. We need to find what fraction remained in people's bones in 1999 compared to 1963. 

First, I remember that radioactive decay follows an exponential model. The formula for the remaining quantity is N(t) = N0 * (1/2)^(t / T), where T is the half-life, and t is the time elapsed. 

Let me confirm the time between 1963 and 1999. So, 1999 minus 1963. Let's calculate that: 1999 - 1963 = 36 years. So, t is 36 years.

The half-life T is 31 years. So, the fraction remaining should be (1/2)^(t / T) = (1/2)^(36 / 31). 

Wait, let me make sure. The half-life is the time it takes for half the substance to decay. So after one half-life (31 years), half remains. After two half-lives (62 years), a quarter remains, etc. So the formula is correct: (1/2)^(number of half-lives). The number of half-lives is t / T, so 36 / 31.

So the fraction is (1/2)^(36/31). Let me compute that as a decimal to check. But the problem says ""Enter your answer as a decimal or fraction."" Hmm, but maybe they want the exact fraction expression, but the problem says ""fraction=[ANS]"" so probably a decimal. Wait, but in the examples, they had exact answers like (1/2)^(36/31). Wait, the problem says ""If decimals are required, use as many significant figures as possible"". Let me check.

Wait, the problem says: ""what fraction of the strontium-90 absorbed in 1963 remained in people's bones in 1999?"" So it's a fraction, which could be expressed as (1/2)^(36/31) exactly, but maybe they want a decimal. Let me see.

In the problem statement: ""Enter your answer as a decimal or fraction."" So maybe either is acceptable, but the user says ""Give EXACT answers where possible: fractions or exact expressions like (1/2)^(36/31), not decimals."" So since (1/2)^(36/31) is an exact expression, that's probably the answer they want.

Wait, let me confirm the time again. 1963 to 1999: 1999 - 1963 = 36. Yes, that's correct. 1963 + 36 = 1999.

So the fraction remaining is (1/2)^(36/31). Let's write that as 2^(-36/31) if needed, but the problem says ""fraction"", so (1/2)^(36/31) is the exact fraction.

Wait, the problem says ""what fraction of the strontium-90 absorbed in 1963 remained..."". So the answer is (1/2)^(36/31). Let me check if that's correct.

Yes, because each half-life reduces the amount by half, so after t years, the fraction is (1/2)^(t / half-life). So t is 36, half-life is 31, so exponent is 36/31.

So the answer is (1/2)^(36/31). Let me see if that's the exact form. The problem says ""Give EXACT answers where possible: fractions or exact expressions like (1/2)^(36/31), not decimals."" So that's exactly the form they want.

I think that's it. Let me just make sure there's no mistake in the time. 1999 minus 1963: 1999 - 1960 = 39, so 1963 is 3 years after 1960, so 39 - 3 = 36. Yes, 36 years. Correct.

So the fraction remaining is (1/2)^(36/31). So the answer is \boxed{(1/2)^{36/31}}.

Wait, but the problem says ""fraction=[ANS]"". Maybe they want it written as a decimal? Let me check. The user says: ""If decimals are required, use as many significant figures as possible"". But the problem says ""Enter your answer as a decimal or fraction."" So maybe the user expects the exact expression. Since the problem says ""Give EXACT answers where possible: fractions or exact expressions like (1/2)^(36/31), not decimals."" So in this case, the exact expression is (1/2)^(36/31), so that's the answer.

Yes, I think that's correct. Let me just compute it as a decimal to see, but the problem says to give exact answers where possible. So (1/2)^(36/31) is exact. So the answer is that expression.
</think>

To determine the fraction of strontium-90 that remained in people's bones in 1999 compared to the amount absorbed in 1963, we apply the **radioactive decay model**.

---

### Step 1: Determine the time elapsed

The period between 1963 and 1999 is:

$$
t = 1999 - 1963 = 36 \text{ years}
$$

---

### Step 2: Use the exponential decay formula

The general formula for the remaining fraction of a substance after time $ t $ with half-life $ T $ is:

$$
\text{Fraction remaining} = \left( \frac{1}{2} \right)^{t / T}
$$

Substituting the known values:

- $ t = 36 $
- $ T = 31 $

$$
\text{Fraction remaining} = \left( \frac{1}{2} \right)^{36 / 31}
$$

This expression is **exact** and represents the precise fraction of strontium-90 that remained in 1999.

---

### Final Answer

Since the problem asks for an exact answer (not a decimal), and the expression $ \left( \frac{1}{2} \right)^{36/31} $ is already in its simplest exact form, this is the correct and required answer.

$$
\boxed{(1/2)^{36/31}}
$$"
"9","Okay, let's try to solve this problem step by step. First, let's make sure I understand the problem correctly.

The problem says: ""The melting speed of half of the spherical snowdrift is directly proportional to the surface area of the hemisphere..."" Wait, maybe it's a translation issue? Let me parse this carefully.

It says: ""the melting speed of half of the spherical snowdrift is directly proportional to the surface area of the hemisphere"". Hmm, maybe it's that the rate of melting (the speed at which the snowdrift melts) is proportional to the surface area of the hemisphere (since it's a hemisphere, the surface area would be the curved part, maybe?).

Wait, the problem states: ""the shape remains unchanged during the melting process"". So it's a hemisphere that's melting, and the melting rate (maybe the rate of volume loss) is proportional to the surface area of the hemisphere.

Let me recall similar problems. In calculus, when dealing with melting ice, often the rate of change of volume is proportional to the surface area. For example, a sphere melting: dV/dt = -k * A, where A is the surface area, k > 0.

Here, it's a hemisphere. Let's assume that the snowdrift is a hemisphere (since it's ""half of a spherical snowdrift"", so a hemisphere). The problem says ""the melting speed of half of the spherical snowdrift"" – maybe ""melting speed"" here refers to the rate of melting (the rate at which volume is lost).

So, let's define:

Let r(t) be the radius of the hemisphere at time t.

The volume of a hemisphere is (2/3)πr³. Wait, no: the volume of a full sphere is (4/3)πr³, so a hemisphere is (2/3)πr³. Correct.

The surface area of a hemisphere (the curved surface area, not including the flat base) is 2πr². If it's including the base, it's 3πr², but since it's a snowdrift melting, maybe the base is the flat part, and the melting happens on the curved surface? The problem says ""the melting speed... is directly proportional to the surface area of the hemisphere"". Let's assume it's the curved surface area, which is 2πr². The problem says ""proportional coefficient is k > 0"", so the rate of change of volume (dV/dt) is proportional to the surface area.

Wait, but in melting problems, the rate of volume loss is usually proportional to the surface area. So dV/dt = -k * A, where A is the surface area.

Let's write down the equations.

First, volume of hemisphere: V = (2/3)πr³.

Surface area (curved part): A = 2πr².

Given that dV/dt = -k * A.

Let's compute dV/dt:

dV/dt = (2/3)π * 3r² dr/dt = 2πr² dr/dt.

So, 2πr² dr/dt = -k * 2πr².

Wait, that simplifies to dr/dt = -k.

Wait, that's interesting. So the radius decreases at a constant rate? Let's check.

Yes: dV/dt = 2πr² dr/dt (since dV/dr = 2πr², so dV/dt = 2πr² dr/dt). The problem states that the melting speed (dV/dt) is proportional to the surface area (A = 2πr²). So dV/dt = -k * A = -k * 2πr².

Therefore, 2πr² dr/dt = -k * 2πr² ⇒ dr/dt = -k.

Ah! So the radius decreases linearly with time. That's a key point. So dr/dt is constant, which means r(t) = r₀ - kt.

Wait, but let's confirm. If dr/dt = -k (constant), then r(t) = r₀ - kt.

Now, the problem says: ""the volume of the snowdrift with radius r₀ is the original 1/8 after melting for 3 hours"".

Original volume is V₀ = (2/3)πr₀³.

After 3 hours, volume is V(3) = (1/8)V₀.

But V(t) = (2/3)πr(t)³.

So V(t) = (2/3)π(r₀ - kt)³.

Therefore, V(t)/V₀ = [(r₀ - kt)/r₀]³ = 1/8.

So (1 - (kt)/r₀)³ = 1/8 ⇒ 1 - (kt)/r₀ = (1/8)^(1/3) = 1/2.

Therefore, (kt)/r₀ = 1 - 1/2 = 1/2 ⇒ t = r₀/(2k).

Wait, but we need to find the time when the volume is zero (full melting). Wait, but a hemisphere can't have volume zero unless the radius is zero. So when does r(t) = 0?

r(t) = r₀ - kt = 0 ⇒ t = r₀/k.

We know that at t = 3 hours, V(3) = (1/8)V₀, which gives:

[(r₀ - 3k)/r₀]³ = 1/8 ⇒ (1 - 3k/r₀)³ = 1/8 ⇒ 1 - 3k/r₀ = 1/2 ⇒ 3k/r₀ = 1/2 ⇒ k/r₀ = 1/6.

Therefore, t_full = r₀/k = 6 hours.

Wait, that's option A.

Wait, let's go through again.

Let me define:

Let’s let t be time in hours.

At time t, radius is r(t).

Volume V(t) = (2/3)πr(t)³.

dV/dt = -k * A(t), where A(t) is the surface area of the hemisphere.

Assuming A(t) is the curved surface area: 2πr(t)².

So dV/dt = -k * 2πr(t)².

But dV/dt = d/dt [(2/3)πr³] = 2πr² dr/dt.

Thus, 2πr² dr/dt = -k * 2πr² ⇒ dr/dt = -k.

So dr/dt is constant, so r(t) = r₀ - kt.

At t = 3 hours, V(3) = (1/8)V₀.

V(3) = (2/3)π[r₀ - 3k]³.

V₀ = (2/3)πr₀³.

So [r₀ - 3k]³ / r₀³ = 1/8 ⇒ (r₀ - 3k)/r₀ = 1/2 ⇒ 1 - 3k/r₀ = 1/2 ⇒ 3k/r₀ = 1/2 ⇒ k/r₀ = 1/6.

Time to full melting is when r(t) = 0 ⇒ r₀ - kt = 0 ⇒ t = r₀/k.

Since k/r₀ = 1/6, then r₀/k = 6. So t = 6 hours.

Therefore, the answer is A. 6 hours.

Wait, but let me check if the surface area is the total surface area (including the flat base). If it's a hemisphere, the total surface area (including the base) is 3πr² (2πr² curved + πr² flat). But the problem says ""the melting speed of half of the spherical snowdrift is directly proportional to the surface area of the hemisphere"". If it's melting, maybe the base is not exposed, so only the curved surface area is melting. For example, a snowdrift might be a hemisphere sitting on the ground, so the flat base is not melting. So the surface area in contact with the air (melting) is the curved part, 2πr².

In the calculation above, assuming that, we get the answer 6 hours.

Let's verify with another approach.

Suppose that the volume is proportional to r³, and the rate of change of volume is proportional to surface area (proportional to r²). So dV/dt = -c r² (c > 0).

But V = k r³, so dV/dt = 3k r² dr/dt = -c r² ⇒ dr/dt = -c/(3k) = constant.

So radius decreases linearly with time.

So V(t) = V₀ (r(t)/r₀)³.

Given that at t=3, V=V₀/8, so (r(3)/r₀)³ = 1/8 ⇒ r(3)/r₀ = 1/2 ⇒ r(3) = r₀/2.

Since r(t) decreases linearly, the time to go from r₀ to r₀/2 is 3 hours, so the time to go from r₀ to 0 is 6 hours (since it's linear: half the radius takes 3 hours, so full radius takes 6 hours).

Yes, that makes sense. So the answer is 6 hours, option A.
</think>

To determine the time required for the full melting of the spherical snowdrift, we analyze the given information and apply principles from calculus and proportional relationships.

---

### **Understanding the Problem**

We are told:

- The **melting speed** (i.e., the rate of volume loss) is **directly proportional to the surface area** of the hemisphere.
- The **shape remains unchanged** during melting.
- After **3 hours**, the **volume becomes 1/8** of its original value.
- We are to find the **time required for full melting**, i.e., when the volume becomes zero.

Let’s define:

- $ r(t) $: radius of the hemisphere at time $ t $
- $ V(t) = \frac{2}{3} \pi r(t)^3 $: volume of the hemisphere
- $ A(t) = 2\pi r(t)^2 $: curved surface area (the part that melts)

The problem states that the **rate of volume loss** is proportional to the surface area:

$$
\frac{dV}{dt} = -k \cdot A(t)
$$

Substituting in the expressions for $ V $ and $ A $:

$$
\frac{d}{dt} \left( \frac{2}{3} \pi r^3 \right) = -k \cdot 2\pi r^2
$$

$$
2\pi r^2 \frac{dr}{dt} = -2\pi k r^2
$$

$$
\Rightarrow \frac{dr}{dt} = -k
$$

This shows that the **radius decreases linearly with time**:

$$
r(t) = r_0 - kt
$$

---

### **Using Given Data**

At $ t = 3 $ hours, the volume is $ \frac{1}{8} $ of the original:

$$
V(3) = \frac{1}{8} V_0
$$

Since $ V(t) = \frac{2}{3} \pi r(t)^3 $, we have:

$$
\left( \frac{r(3)}{r_0} \right)^3 = \frac{1}{8}
\Rightarrow \frac{r(3)}{r_0} = \frac{1}{2}
\Rightarrow r(3) = \frac{r_0}{2}
$$

From the linear model:

$$
r(3) = r_0 - 3k = \frac{r_0}{2}
\Rightarrow 3k = \frac{r_0}{2}
\Rightarrow \frac{k}{r_0} = \frac{1}{6}
$$

---

### **Finding Time for Full Melting**

Full melting occurs when $ r(t) = 0 $:

$$
r_0 - kt = 0 \Rightarrow t = \frac{r_0}{k}
$$

Using $ \frac{k}{r_0} = \frac{1}{6} $, we get:

$$
t = \frac{r_0}{k} = 6 \text{ hours}
$$

---

### **Conclusion**

The time required for the snowdrift to completely melt is **6 hours**.

$$
\boxed{A}
$$"
"10","Okay, let's try to figure out this problem. The question is asking for the sum of the floor of log base 2 of each integer from 1 to 2018, and then find the remainder when that sum is divided by 1000. 

First, I need to recall that the floor of log2(n) is the largest integer m such that 2^m ≤ n < 2^(m+1). So for each m, we can find how many numbers n have floor(log2(n)) = m. 

Let's start with m=0: floor(log2(n))=0 when 2^0 ≤ n < 2^1, so n=1 (since 2^0=1, 2^1=2). So only n=1 here. That's 1 number.

m=1: floor(log2(n))=1 when 2^1 ≤ n < 2^2, so n=2,3. That's 2 numbers.

m=2: floor(log2(n))=2 when 4 ≤ n < 8, so n=4,5,6,7. That's 4 numbers.

m=3: floor(log2(n))=3 when 8 ≤ n < 16, so n=8 to 15. 8 numbers.

Wait, I see a pattern here. For m ≥ 0, the numbers n where floor(log2(n)) = m are from 2^m to 2^(m+1) - 1. The count of such numbers is 2^(m+1) - 1 - 2^m + 1 = 2^m. Let's check:

For m=0: 2^0 = 1, which matches n=1 (1 number).

m=1: 2^1=2, which matches n=2,3 (2 numbers).

m=2: 2^2=4, n=4-7 (4 numbers). Correct.

m=3: 2^3=8, n=8-15 (8 numbers). Yep, that's right.

But wait, we need to go up to n=2018. So we need to find the largest m such that 2^m ≤ 2018.

Let's compute 2^10=1024, 2^11=2048. So 2^10=1024, 2^11=2048. So 2048 is greater than 2018, so the highest m where 2^m ≤ 2018 is m=10, but let's check.

For m=10: floor(log2(n))=10 when 2^10 ≤ n < 2^11, so n=1024 to 2047. But we only go up to 2018, so the count here is 2018 - 1024 + 1 = 995 numbers.

Wait, let's list out the ranges:

m=0: n=1 (1 number)
m=1: n=2-3 (2 numbers)
m=2: n=4-7 (4 numbers)
m=3: n=8-15 (8 numbers)
m=4: n=16-31 (16 numbers)
m=5: n=32-63 (32 numbers)
m=6: n=64-127 (64 numbers)
m=7: n=128-255 (128 numbers)
m=8: n=256-511 (256 numbers)
m=9: n=512-1023 (512 numbers)
m=10: n=1024-2018 (since 2^11=2048, so up to 2018)

Wait, let's verify each m:

For m=0: 2^0=1, 2^1=2. So n=1 (since n < 2). So 1 number. Correct.

m=1: 2^1=2, 2^2=4. So n=2,3. 2 numbers. Correct.

m=2: 2^2=4, 2^3=8. n=4-7. 4 numbers. Correct.

m=3: 8-15 (8 numbers)

m=4: 16-31 (16 numbers)

m=5: 32-63 (32 numbers)

m=6: 64-127 (64 numbers)

m=7: 128-255 (128 numbers)

m=8: 256-511 (256 numbers)

m=9: 512-1023 (512 numbers)

m=10: 1024-2047 (1024 numbers), but we only go up to 2018, so 2018 - 1024 + 1 = 995 numbers.

Let's check the counts:

m=0: 1

m=1: 2

m=2: 4

m=3: 8

m=4: 16

m=5: 32

m=6: 64

m=7: 128

m=8: 256

m=9: 512

m=10: 995

Wait, let's confirm the total numbers from 1 to 2018: 2018 numbers.

Let's sum the counts for m=0 to m=9:

m=0:1, m=1:2, m=2:4, m=3:8, m=4:16, m=5:32, m=6:64, m=7:128, m=8:256, m=9:512.

Sum these: 1+2=3, +4=7, +8=15, +16=31, +32=63, +64=127, +128=255, +256=511, +512=1023.

So from n=1 to n=1023, there are 1023 numbers. Wait, n=1 to 1023 is 1023 numbers, which matches the sum of counts up to m=9 (since m=9 corresponds to n=512-1023, which is 512 numbers, and sum up to m=9 is 1+2+...+512=1023). Correct, because 2^10 -1 = 1023.

Then m=10: n=1024 to 2018. The number of terms here is 2018 - 1024 + 1 = 995. Let's check: 1024 is the first term, 2018 is the last. So 2018 - 1024 = 994, so +1 is 995. Correct.

Now, the sum k is the sum over m of m * (number of terms with floor(log2(n))=m).

So let's compute each part:

For m=0: 0 * 1 = 0

m=1: 1 * 2 = 2

m=2: 2 * 4 = 8

m=3: 3 * 8 = 24

m=4: 4 * 16 = 64

m=5: 5 * 32 = 160

m=6: 6 * 64 = 384

m=7: 7 * 128 = 896

m=8: 8 * 256 = 2048

m=9: 9 * 512 = 4608

m=10: 10 * 995 = 9950

Now, let's sum all these up.

Let's list them:

m=0: 0

m=1: 2 → total so far: 2

m=2: 8 → 10

m=3: 24 → 34

m=4: 64 → 98

m=5: 160 → 258

m=6: 384 → 642

m=7: 896 → 642 + 896 = 1538

m=8: 2048 → 1538 + 2048 = 3586

m=9: 4608 → 3586 + 4608 = 8194

m=10: 9950 → 8194 + 9950 = 18144

Wait, is that right? Let's check the calculations step by step.

First, m=0: 0*1=0. Correct.

m=1: 1*2=2. Total: 2.

m=2: 2*4=8. Total: 2+8=10.

m=3: 3*8=24. Total: 10+24=34.

m=4: 4*16=64. 34+64=98.

m=5: 5*32=160. 98+160=258.

m=6: 6*64=384. 258+384=642.

m=7: 7*128. Let's compute 7*128: 128*7=896. 642+896=1538. Correct.

m=8: 8*256. 256*8=2048. 1538+2048=3586. Correct.

m=9: 9*512. 512*9=4608. 3586+4608=8194. Let's verify 3586+4608: 3586+4000=7586, 7586+608=8194. Correct.

m=10: 10*995=9950. 8194+9950=18144. So total sum k=18144?

Wait, but let's check if the counts are correct. Let's verify the number of terms for each m.

For m=0: n=1 (since log2(1)=0, floor is 0). So 1 term. Correct.

m=1: n=2,3. log2(2)=1, log2(3)≈1.58, floor is 1. So 2 terms. Correct.

m=2: n=4-7. log2(4)=2, log2(7)≈2.807, floor=2. 4 terms. Correct.

m=3: n=8-15 (8 terms). Correct.

m=4: 16-31 (16 terms). Correct.

m=5: 32-63 (32 terms). Correct.

m=6: 64-127 (64 terms). Correct.

m=7: 128-255 (128 terms). Correct.

m=8: 256-511 (256 terms). Correct.

m=9: 512-1023 (512 terms). Let's check: 1023-512+1=512. Correct.

m=10: 1024-2018. 2018-1024+1=995. Correct, because 1024 to 2018 inclusive is 2018-1024+1=995 numbers.

Now, let's check the sum for m=0 to m=9. The sum up to m=9 (n=1 to 1023) is known in some contexts. Wait, the sum from n=1 to 2^m -1 of floor(log2(n)) is equal to sum_{k=0}^{m-1} k*2^k. Let's recall that.

For example, sum from n=1 to 1 (2^1 -1) of floor(log2(n)) is 0 (since n=1, floor(log2(1))=0). Which is sum_{k=0}^{0} k*2^k = 0*1=0. Correct.

Sum from n=1 to 3 (2^2 -1) of floor(log2(n)): n=1:0, n=2:1, n=3:1. Sum=0+1+1=2. Which is sum_{k=0}^{1} k*2^k = 0*1 +1*2=2. Correct.

Sum from n=1 to 7 (2^3 -1): 0+1+1+2+2+2+2=0+2+8=10. Which is sum_{k=0}^{2} k*2^k = 0 + 2 + 8=10. Correct.

So in general, sum_{n=1}^{2^m -1} floor(log2(n)) = sum_{k=0}^{m-1} k*2^k.

We can use this formula to check our previous calculation.

Let's compute sum_{k=0}^{9} k*2^k. Wait, for m=10, 2^10 -1=1023, so sum from n=1 to 1023 is sum_{k=0}^{9} k*2^k.

Let's compute that sum.

The formula for sum_{k=0}^{n} k*r^k is r*(1 - (n+1)r^n + n r^{n+1}) / (1 - r)^2.

For r=2, sum_{k=0}^{n} k*2^k = 2*(1 - (n+1)2^n + n*2^{n+1}) / (1 - 2)^2 = 2*(1 - (n+1)2^n + 2n*2^n) / 1 = 2*(1 + (2n -n -1)2^n) = 2*(1 + (n -1)2^n) = 2 + (n -1)2^{n+1}

Wait, let's test with n=1: sum k=0 to 1: 0*1 +1*2=2. Formula: 2 + (1-1)2^{2}=2+0=2. Correct.

n=2: sum=0+2+8=10. Formula: 2 + (2-1)2^3=2 +8=10. Correct.

n=3: sum=0+2+8+24=34. Formula: 2 + (3-1)2^4=2 + 2*16=2+32=34. Correct.

n=4: sum=34 + 4*16=34+64=98. Formula: 2 + (4-1)2^5=2 + 3*32=2+96=98. Correct.

n=5: 98 +5*32=98+160=258. Formula: 2 + (5-1)2^6=2 +4*64=2+256=258. Correct.

n=6: 258 +6*64=258+384=642. Formula: 2 + (6-1)2^7=2 +5*128=2+640=642. Correct.

n=7: 642 +7*128=642+896=1538. Formula: 2 + (7-1)2^8=2 +6*256=2+1536=1538. Correct.

n=8: 1538 +8*256=1538+2048=3586. Formula: 2 + (8-1)2^9=2 +7*512=2+3584=3586. Correct.

n=9: 3586 +9*512=3586+4608=8194. Formula: 2 + (9-1)2^{10}=2 +8*1024=2+8192=8194. Correct.

n=10: 8194 +10*1024=8194+10240=18434. But we don't need that.

So the sum from n=1 to 1023 (which is 2^10 -1) is 8194, which matches our previous calculation for m=0 to m=9 (since m=9 corresponds to the highest m in 1-1023, which is floor(log2(1023))=9, since 2^9=512 ≤1023 <1024=2^10).

Then, the remaining terms are from n=1024 to 2018. For these n, floor(log2(n))=10, because 2^10=1024 ≤n <2048=2^11, so floor(log2(n))=10 for n"
"11","This is a complex or challenging question, and it is difficult to provide a direct and correct answer. I need to think about it.
Well, so we have triangle ABC with sides AB=13, BC=14, AC=15. Hmm, I remember this is a well-known triangle, the 13-14-15 triangle, which has area 84, right? Let me confirm that first because maybe that will help later. Using Heron's formula: semi-perimeter s=(13+14+15)/2=21. Area=√[s(s-a)(s-b)(s-c)]=√[21*8*7*6]=√[21*8*42]=wait, 21*6=126, 8*7=56, so 126*56=7056, and √7056=84. Yep, area is 84. Good.

Now, D is the foot of the altitude from A to BC. Let's find coordinates maybe? Coordinates might be a good approach here. Let's place BC on the x-axis for simplicity, so let B be at (0,0), C at (14,0), then we need to find coordinates of A such that AB=13, AC=15. Let A=(x,y), so distance from A to B: x² + y² = 13²=169, distance from A to C: (x-14)² + y²=15²=225. Subtract first equation from second: (x-14)² - x² = 225 - 169 ⇒ x² -28x +196 -x²=56 ⇒ -28x +196=56 ⇒ -28x=56-196=-140 ⇒ x=5. Then y²=169 -25=144 ⇒ y=12 (since it's a triangle above the x-axis). So coordinates: B(0,0), C(14,0), A(5,12). Perfect, that's a standard coordinate setup for 13-14-15 triangle.

Now, D is the foot of altitude from A to BC. Since BC is on x-axis, the foot D will have the same x-coordinate as A? Wait, no: altitude from A to BC (x-axis) is vertical? Wait, no, BC is horizontal, so altitude is vertical? Wait, no, foot of perpendicular from A to BC: since BC is on x-axis, the y-coordinate of D is 0, and x-coordinate is same as A's x? Wait, yes! Because the perpendicular from A(5,12) to x-axis is straight down to (5,0). Wait, is that right? Let's check: distance from A to D should be the height, which we know from area: area=84=(14*y)/2 ⇒ y=12, which matches, so yes, D is (5,0). Wait, hold on, in the coordinate system, BC is from (0,0) to (14,0), so length BC=14, correct. Then BD is the distance from B(0,0) to D(5,0), so BD=5, and DC=BC - BD=14 -5=9. Let me confirm with Pythagoras on ABD: AB=13, BD=5, so AD=12, which is correct, and ACD: AC=15, DC=9, AD=12, 9-12-15 triangle, yes, 3-4-5 scaled by 3. Good, so D=(5,0).

Now, E is the point on BC between D and C such that BD=CE. Wait, BD is a length, CE is a length. BD we found is 5 (since B to D is 5 units on x-axis), so CE=BD=5. BC is from 0 to14 on x-axis, C is at 14, so E is 5 units away from C towards B (since it's between D and C, so closer to C than D is). Wait, BC is length 14, D is at 5, so from C(14,0) moving towards B(0,0) by 5 units gets us to E=(14 -5, 0)=(9,0). Let's check: between D(5,0) and C(14,0), yes, 5 < 9 <14, good. CE is distance from C(14,0) to E(9,0)=5, which equals BD=5, perfect.

Now, we need to extend AE to meet the circumcircle of ABC at F. So first, let's find the equation of line AE, then find its other intersection point F with the circumcircle of ABC (since A is already on both, so F is the other one).

First, coordinates of A(5,12) and E(9,0). Let's find the equation of line AE. Slope of AE: (0 - 12)/(9 - 5)= (-12)/4= -3. So slope is -3. Using point-slope form, let's use point E(9,0): y - 0 = -3(x - 9), so y= -3x + 27. That's the equation of AE (and its extension).

Now, need equation of circumcircle of ABC. We have three points: A(5,12), B(0,0), C(14,0). Let's find the circumcircle equation. General equation of circle: x² + y² + Dx + Ey + F = 0 (wait, but we used F as a point, oops, bad notation! Let's use x² + y² + px + qy + r = 0 to avoid confusion with point F). So circle through (0,0): plug in, 0 + 0 + 0 + 0 + r = 0 ⇒ r=0. Good, so equation simplifies to x² + y² + px + qy = 0.

Now plug in B(0,0) already done, plug in C(14,0): 14² + 0 + p*14 + q*0 = 0 ⇒ 196 +14p=0 ⇒ 14p= -196 ⇒ p= -14.

Now plug in A(5,12): 5² + 12² + p*5 + q*12 = 0. We know p=-14, so compute: 25 + 144 + (-14)(5) + 12q = 0 ⇒ 169 -70 +12q=0 ⇒ 99 +12q=0 ⇒ 12q= -99 ⇒ q= -99/12= -33/4. Wait, let's check that arithmetic again: 25+144 is 169, correct. 14*5=70, so -14*5=-70, yes. 169-70=99, correct. 99 divided by 12: divide numerator and denominator by 3: 33/4, so q= -33/4. Okay.

So circumcircle equation is x² + y² -14x - (33/4)y = 0. Maybe multiply through by 4 to eliminate fractions: 4x² + 4y² -56x -33y = 0, but maybe we can keep it as is for now, or use the standard form by completing the squares, but maybe better to substitute y from line AE into circle equation to find intersection points (which are A and F).

We have y = -3x + 27 from line AE. Let's substitute this into circle equation x² + y² + px + qy = 0, with p=-14, q=-33/4, so:

x² + (-3x + 27)² -14x + (-33/4)(-3x + 27) = 0.

Let's expand each term step by step.

First, (-3x +27)² = 9x² - 2*3x*27 + 27² = 9x² - 162x + 729.

Then, (-33/4)(-3x +27) = (33/4)(3x -27) = (99/4)x - (891/4). Wait, 33*27: 30*27=810, 3*27=81, so 891, yes, and 33*3=99, correct.

So now plug back into equation:

x² + [9x² - 162x + 729] -14x + [(99/4)x - 891/4] = 0.

Combine like terms. First, x² terms: 1x² +9x²=10x².

x terms: -162x -14x + (99/4)x = (-176x) + (99/4)x. Let's convert -176 to quarters: -176= -704/4, so (-704/4 + 99/4)x= (-605/4)x.

Constant terms: 729 - 891/4. Convert 729 to quarters: 729=2916/4, so 2916/4 -891/4= (2916 -891)/4=2025/4.

So now the equation is:

10x² - (605/4)x + 2025/4 = 0.

To eliminate denominators, multiply both sides by 4:

40x² - 605x + 2025 = 0.

Okay, now we have a quadratic in x. We know that one of the solutions is the x-coordinate of A, which is 5, so let's verify that: plug x=5 into left side: 40*25 -605*5 +2025=1000 -3025 +2025= (1000+2025)-3025=3025-3025=0. Perfect, so x=5 is a root, as expected (point A).

So we can factor the quadratic as (x - 5)(ax + b)=0, or use quadratic formula to find the other root (which is x-coordinate of F). Let's use Vieta's formula for quadratics: for ax² + bx + c=0, sum of roots is -b/a. Here, quadratic is 40x² -605x +2025=0, so sum of roots x1 + x2=605/40=121/8 (simplify: 605÷5=121, 40÷5=8). We know one root x1=5=40/8, so the other root x2=121/8 -40/8=81/8. Wait, let's check that: 121-40=81, yes, so x2=81/8.

Wait, hold on, is that right? Wait, sum of roots is 605/40=121/8, yes, 605 divided by 5 is 121, 40 divided by 5 is 8. x=5 is 40/8, so 121/8 -40/8=81/8. Correct. Let's also check with quadratic formula to be safe: x=(605±√(605² -4*40*2025))/(80). Compute discriminant: 605² - 4*40*2025. 605=5*121=5*11², so 605²=25*121²=25*14641=366025. 4*40=160, 160*2025= let's compute 160*2000=320000, 160*25=4000, so total 324000. Then discriminant=366025 -324000=42025. What's √42025? Let's see, 205²=42025 (since 200²=40000, 5²=25, 2*200*5=2000, so (200+5)²=40000+2000+25=42025). Yes! So √42025=205. Therefore, x=(605±205)/80. So two solutions: (605+205)/80=810/80=81/8, and (605-205)/80=400/80=5. Perfect, matches. So x-coordinate of F is 81/8.

Now, y-coordinate of F: use line AE equation y=-3x +27. So y= -3*(81/8) +27= -243/8 + 216/8= (-243 +216)/8= (-27)/8. Wait, y is negative? But the circumcircle of ABC: points A, B, C are above the x-axis (A at (5,12), B and C on x-axis), so the circumcircle should pass through the upper half and maybe the lower half? Wait, but we extended AE beyond E (since E is on BC, which is from B(0,0) to C(14,0), and E is at (9,0), so AE goes from A(5,12) down to E(9,0), so extending beyond E would go below the x-axis, which is where F is, y=-27/8. That makes sense, so F is the second intersection point, below BC, which is fine, circumcircle can have points below the x-axis.

Wait, let's just confirm F is on the circumcircle with these coordinates to be safe. Let's take F(81/8, -27/8). Plug into circle equation x² + y² -14x - (33/4)y. Compute each term:

x²=(81/8)²=6561/64

y²=(-27/8)²=729/64

-14x= -14*(81/8)= -1134/8= -567/4= -9072/64 (converting to 64 denominator)

-(33/4)y= -(33/4)*(-27/8)= (891)/32= 1782/64

Now sum all terms over 64:

6561 + 729 - 9072 + 1782 all over 64.

Compute numerator step by step: 6561 + 729=7290; 7290 -9072= -1782; -1782 +1782=0. Perfect, so yes, F is on the circle. Good, so coordinates of F are (81/8, -27/8).

Now, we need the area of triangle FAC. Let's recall coordinates of points F, A, C to compute the area.

First, list all coordinates clearly:

- F: (81/8, -27/8)
- A: (5, 12) = (40/8, 96/8) [maybe convert to eighths to make subtraction easier?]
- C: (14, 0) = (112/8, 0)

Wait, area of triangle given three points (x1,y1), (x2,y2), (x3,y3) can be calculated by the shoelace formula. Let's do that carefully.

Shoelace formula: Area = (1/2)|x1(y2 - y3) + x2(y3 - y1) + x3(y1 - y2)|

Let's assign:

Let F = (x1, y1) = (81/8, -27/8)

A = (x2, y2) = (5, 12) = (40/8, 96/8) [maybe keep as decimals? Wait, no, fractions are precise]

C = (x3, y3) = (14, 0)

So plug into shoelace:

First term: x1(y2 - y3) = (81/8)(12 - 0) = (81/8)(12) = 81*(12/8)=81*(3/2)=243/2

Second term: x2(y3 - y1) = 5*(0 - (-27/8)) = 5*(27/8)=135/8

Third term: x3(y1 - y2) =14*(-27/8 -12)=14*(-27/8 -96/8)=14*(-123/8)= (14/8)*(-123)= (7/4)*(-123)= -861/4

Now sum these three terms:

243/2 + 135/8 - 861/4. Let's convert all to eighths:

243/2 = 972/8

135/8 = 135/8

861/4 = 1722/8, so -861/4 ="
"12","Okay, let's tackle this problem step by step. The population model is given by P(x) = (2480x + 2660)/(8x + 7), where x is the number of years in the future. 

First question: How many deer live in this forest this year? 

Hmm, ""this year"" means x = 0, right? Because x is the number of years in the future. So we need to plug x = 0 into P(x). Let's calculate that. 

P(0) = (2480*0 + 2660)/(8*0 + 7) = 2660/7. Let me compute that. 2660 divided by 7. 7*380 = 2660, because 7*300=2100, 7*80=560, so 2100+560=2660. So 2660/7 = 380. So the answer to question 1 is 380.

Second question: How many deer will live in this forest 12 years later? So x = 12. Let's compute P(12). 

First, numerator: 2480*12 + 2660. Let's calculate 2480*12. 2480*10=24800, 2480*2=4960, so 24800+4960=29760. Then add 2660: 29760 + 2660 = 32420.

Denominator: 8*12 + 7 = 96 + 7 = 103.

So P(12) = 32420 / 103. Let's do that division. Let's see, 103*314 = 103*(300 + 14) = 30900 + 1442 = 32342. Then 32420 - 32342 = 78. So 314 + 78/103 ≈ 314.757... So rounding to the nearest integer, that's 315. Wait, let me check with a calculator to be precise. 32420 divided by 103. Let's compute 103*314 = 32342, as above. 32420 - 32342 = 78. So 78/103 ≈ 0.757. So 314.757, which rounds to 315. So question 2 answer is 315.

Third question: After how many years will the population be 314? So we need to solve P(x) = 314. Let's set up the equation:

(2480x + 2660)/(8x + 7) = 314

Multiply both sides by (8x + 7):

2480x + 2660 = 314*(8x + 7)

Compute right side: 314*8x = 2512x; 314*7 = 2198. So:

2480x + 2660 = 2512x + 2198

Bring all terms to left side:

2480x + 2660 - 2512x - 2198 = 0

(2480x - 2512x) + (2660 - 2198) = 0

(-32x) + 462 = 0

So -32x = -462 => x = 462 / 32 = 231 / 16 = 14.4375. So x ≈ 14.4375 years. The question says to round to an integer. So 14.4375 rounds to 14. Wait, but let's check if x=14 gives P(x)=314 or x=15. Let's verify.

Compute P(14): (2480*14 + 2660)/(8*14 +7). 

Numerator: 2480*14. 2480*10=24800, 2480*4=9920, so 24800+9920=34720. Then +2660: 34720 + 2660 = 37380.

Denominator: 8*14=112 +7=119.

37380 / 119. Let's compute 119*314 = 119*(300 +14) = 35700 + 1666 = 37366. Then 37380 - 37366 = 14. So 314 + 14/119 ≈ 314.117. So P(14) ≈ 314.117, which is more than 314.

P(15): (2480*15 +2660)/(8*15 +7). 

2480*15 = 37200. 37200 + 2660 = 39860.

Denominator: 120 +7=127.

39860 / 127. Let's compute 127*314 = 127*(300 +14) = 38100 + 1778 = 39878. Wait, 127*314 = 39878, which is more than 39860. So 39860 /127 = (39878 - 18)/127 = 314 - 18/127 ≈ 313.874. So P(15) ≈ 313.874, which is less than 314.

So the population crosses 314 between x=14 and x=15. At x=14.4375, it's exactly 314. Since the question says ""after how many years"", and to round to an integer, we need to see if it's closer to 14 or 15. 14.4375 is closer to 14 than 15? Wait, 0.4375 is less than 0.5, so it rounds down to 14. Wait, but in some contexts, when it's the time when the population reaches 314, if at x=14 it's already over 314, then the answer would be 14. Wait, let's check the exact value.

We had x = 231/16 = 14.4375. So after 14.4375 years, the population is 314. So if we need to round to the nearest integer, it's 14. Because 0.4375 is less than 0.5. So the answer is 14.

Wait, but let's confirm. The problem says ""after how many years, the deer population will be 314"". So it's the time when it's exactly 314. Since 14.4375 is the exact time, rounding to the nearest integer is 14.

Fourth question: Many years in the future, about how many deer will live in this forest? 

This is the horizontal asymptote of the rational function. For a rational function P(x) = (ax + b)/(cx + d), the horizontal asymptote is a/c as x approaches infinity. Here, a=2480, c=8, so the horizontal asymptote is 2480/8 = 310. So as x becomes very large, P(x) approaches 310. So the answer is 310.

Let me verify. Let's take x very large, say x=1000. Then P(1000) = (2480*1000 + 2660)/(8*1000 +7) = (2480000 + 2660)/8007 = 2482660 / 8007 ≈ 310.0 (since 8007*310 = 2482170, 2482660 - 2482170 = 490, so 490/8007 ≈ 0.061, so 310.061). So yes, it approaches 310.

So the four answers are:

1) 380

2) 315

3) 14

4) 310

Let me check each again.

Question 1: x=0, P(0)=2660/7=380. Correct.

Question 2: x=12. Numerator: 2480*12=29760, +2660=32420. Denominator: 8*12=96+7=103. 32420/103. Let's compute 103*314=32342, 32420-32342=78, 78/103≈0.757, so 314.757, rounds to 315. Correct.

Question 3: Solve (2480x +2660)/(8x +7)=314. Multiply both sides: 2480x +2660=314*(8x +7)=2512x +2198. Then 2480x -2512x=2198 -2660 → -32x= -462 → x=462/32=14.4375. Rounded to integer is 14. Correct.

Question 4: Horizontal asymptote is 2480/8=310. Correct.

So the answers are 380, 315, 14, 310.
</think>

\boxed{380, 315, 14, 310}"
"13","Okay, let's try to solve this triple integral problem. First, I need to set up the integral correctly based on the region E. The region E is defined by 0 ≤ x ≤ √y, 0 ≤ y ≤ 2, and 0 ≤ z ≤ 1 - x² - y². Hmm, wait a second. The upper limit for z is 1 - x² - y², but we need to check if this is non-negative in the region E. Because z has to be ≥ 0, so 1 - x² - y² ≥ 0, which means x² + y² ≤ 1. But in the region E, y goes up to 2, so for y > 1, x² + y² might be greater than 1, which would make the upper limit for z negative. Wait, that's a problem. Let me check the problem statement again.

The problem says: E = {(x,y,z) | 0 ≤ x ≤ √y, 0 ≤ y ≤ 2, 0 ≤ z ≤ 1 - x² - y²}. Hmm, but if y is up to 2, then for y > 1, 1 - x² - y² could be negative. But since z is defined to be between 0 and that upper limit, maybe the region E is only where 1 - x² - y² ≥ 0? Wait, no, the problem states the region as given, so perhaps they assume that 1 - x² - y² is non-negative in the region. Let me see: x ≤ √y, so x² ≤ y. Therefore, x² + y² ≤ y + y². For y ≤ 2, let's see when x² + y² ≤ 1. Let's take y=1: x² ≤ 1, so x ≤ 1. But x ≤ √y = 1, so x ≤ 1. Then x² + y² = x² + 1 ≤ 1 + 1 = 2, which is more than 1. Wait, maybe there's a mistake here. Wait, maybe the problem is written correctly, but I need to proceed.

Wait, the integrand is (x*z + 1) dV, so the integral is the triple integral over E of (x z + 1) dV. Let's set up the order of integration. The problem gives the limits as 0 ≤ x ≤ √y, 0 ≤ y ≤ 2, 0 ≤ z ≤ 1 - x² - y². So probably the order is dz dy dx? Wait, no, the limits are given as x from 0 to √y, y from 0 to 2, z from 0 to 1 - x² - y². So the order of integration is probably z first, then y, then x? Wait, in the description of E, it's written as (x,y,z) with 0 ≤ x ≤ √y, so x is a function of y, y is from 0 to 2, and z is from 0 to 1 - x² - y². So the limits for z depend on x and y, which depend on y. So to set up the integral, we can integrate z first, then y, then x.

Let me write the integral as:

∫ (x from 0 to √y) ∫ (y from 0 to 2) ∫ (z from 0 to 1 - x² - y²) (x z + 1) dz dy dx

Wait, no, the limits for x are in terms of y, so it's better to think of the order as dy dx? Wait, no. Let's parse the region E: for each y between 0 and 2, x goes from 0 to √y, and for each x and y, z goes from 0 to 1 - x² - y². So the integral can be written as:

∫ (y=0 to 2) ∫ (x=0 to √y) ∫ (z=0 to 1 - x² - y²) (x z + 1) dz dx dy

Yes, that's probably the correct order: z first, then x, then y. Because the limits for x depend on y, so we integrate over z (which depends on x and y), then x (from 0 to √y), then y (from 0 to 2).

Let's compute the inner integral with respect to z first. The integrand is (x z + 1). So integrating with respect to z:

∫ (z=0 to 1 - x² - y²) (x z + 1) dz = [ (x/2) z² + z ] from 0 to 1 - x² - y²

= (x/2)(1 - x² - y²)² + (1 - x² - y²)

Let's factor out (1 - x² - y²):

= (1 - x² - y²) [ (x/2)(1 - x² - y²) + 1 ]

But maybe it's better to just expand it.

Let me compute this step by step.

Let’s denote A = 1 - x² - y² for simplicity.

Then the inner integral is (x/2)A² + A = A*(x A / 2 + 1)

So the triple integral becomes:

∫ (y=0 to 2) ∫ (x=0 to √y) [ (1 - x² - y²)( (x(1 - x² - y²)/2 ) + 1 ) ] dx dy

Wait, no, actually, the inner integral is (x/2)A² + A, so the entire integral is:

∫ (y=0 to 2) ∫ (x=0 to √y) [ (x/2)(1 - x² - y²)² + (1 - x² - y²) ] dx dy

Let me split this into two integrals:

I = ∫∫ [ (x/2)(1 - x² - y²)² + (1 - x² - y²) ] dx dy

= (1/2) ∫∫ x(1 - x² - y²)² dx dy + ∫∫ (1 - x² - y²) dx dy

Let's compute the second integral first, maybe it's simpler.

Second integral: ∫ (y=0 to 2) ∫ (x=0 to √y) (1 - x² - y²) dx dy

Let's compute the inner integral with respect to x:

∫ (x=0 to √y) (1 - x² - y²) dx = ∫ (x=0 to √y) [ (1 - y²) - x² ] dx

= (1 - y²) * √y - [x³ / 3] from 0 to √y

= (1 - y²)√y - ( (√y)^3 ) / 3

= (1 - y²) y^{1/2} - y^{3/2} / 3

= y^{1/2} - y^{5/2} - (y^{3/2}) / 3

= y^{1/2} - (3 y^{5/2} + y^{3/2}) / 3

= y^{1/2} - y^{3/2}(3 y + 1)/3

Wait, maybe better to write as:

= (1 - y²) * y^{1/2} - (y^{3/2}) / 3

= y^{1/2} - y^{5/2} - (1/3) y^{3/2}

So the second integral becomes:

∫ (y=0 to 2) [ y^{1/2} - y^{5/2} - (1/3) y^{3/2} ] dy

Let's compute this integral term by term.

First term: ∫ y^{1/2} dy from 0 to 2 = [ (2/3) y^{3/2} ] from 0 to 2 = (2/3)(2^{3/2}) = (2/3)(2√2) = (4√2)/3

Second term: ∫ y^{5/2} dy from 0 to 2 = [ (2/7) y^{7/2} ] from 0 to 2 = (2/7)(2^{7/2}) = (2/7)(8√2) = (16√2)/7

Third term: ∫ (1/3) y^{3/2} dy from 0 to 2 = (1/3) [ (2/5) y^{5/2} ] from 0 to 2 = (2/15)(2^{5/2}) = (2/15)(4√2) = (8√2)/15

So the second integral is:

(4√2)/3 - (16√2)/7 - (8√2)/15

Let's compute this:

First, factor out √2:

√2 [ 4/3 - 16/7 - 8/15 ]

Compute the coefficients:

Find a common denominator for 3, 7, 15. The least common multiple is 105.

4/3 = 140/105

16/7 = 240/105

8/15 = 56/105

So:

140/105 - 240/105 - 56/105 = (140 - 240 - 56)/105 = (-156)/105 = -52/35

So the second integral is √2 * (-52/35) = -52√2 / 35

Wait, but let's check the signs. Wait, the second integral is:

[ y^{1/2} - y^{5/2} - (1/3)y^{3/2} ] integrated from 0 to 2, so it's (4√2)/3 - (16√2)/7 - (8√2)/15. So yes, the calculation gives -52√2 /35. Wait, let's verify the arithmetic:

4/3 = (4*35)/105 = 140/105

16/7 = (16*15)/105 = 240/105

8/15 = (8*7)/105 = 56/105

So 140 - 240 - 56 = 140 - 296 = -156. So -156/105 = -52/35 (divided numerator and denominator by 3). Yes, so 140 - 240 -56 = -156, so -156/105 = -52/35. So the second integral is -52√2 /35.

Now, let's compute the first integral: (1/2) ∫∫ x(1 - x² - y²)² dx dy

Let's compute the inner integral with respect to x first.

Let’s denote the inner integral as:

∫ (x=0 to √y) x(1 - x² - y²)² dx

Let’s make a substitution. Let u = 1 - x² - y². Then du/dx = -2x, so x dx = -du/2.

When x=0, u=1 - 0 - y² = 1 - y².

When x=√y, u=1 - y - y².

So the integral becomes:

∫ (u=1 - y² to 1 - y - y²) u² * (-du/2) = (1/2) ∫ (u=1 - y - y² to 1 - y²) u² du

= (1/2) [ (u³)/3 ] from u=1 - y - y² to u=1 - y²

= (1/6) [ (1 - y²)^3 - (1 - y - y²)^3 ]

So the first integral is (1/2) times the integral over y of that expression.

So first integral = (1/2) ∫ (y=0 to 2) [ (1/6)( (1 - y²)^3 - (1 - y - y²)^3 ) ] dy

= (1/12) ∫ (y=0 to 2) [ (1 - y²)^3 - (1 - y - y²)^3 ] dy

Let's expand both (1 - y²)^3 and (1 - y - y²)^3.

First, (1 - y²)^3 = 1 - 3y² + 3y^4 - y^6

Second, (1 - y - y²)^3. Let's expand this:

Let’s let a = 1, b = -y, c = -y². Then (a + b + c)^3 = a³ + b³ + c³ + 3a²b + 3a²c + 3ab² + 3ac² + 3b²c + 3bc² + 6abc

But maybe easier to compute step by step.

First, (1 - y - y²)^2 = 1 - 2y - 2y² + y² + 2y³ + y^4 = 1 - 2y - y² + 2y³ + y^4

Wait, let's compute (1 - y - y²)^2:

(1 - y - y²)(1 - y - y²) = 1*(1 - y - y²) - y*(1 - y - y²) - y²*(1 - y - y²)

= 1 - y - y² - y + y² + y³ - y² + y³ + y^4

= 1 - 2y - y² + 2y³ + y^4

Yes, that's correct.

Then multiply by (1 - y - y²):

(1 - y - y²)^3 = (1 - 2y - y² + 2y³ + y^4)(1 - y - y²)

Let's compute term by term:

1*(1 - y - y²) = 1 - y - y²

-2y*(1 - y - y²) = -2y + 2y² + 2y³

- y²*(1 - y - y²) = -y² + y³ + y^4

+2y³*(1 - y - y²) = 2y³ - 2y^4 - 2y^5

+ y^4*(1 - y - y²) = y^4 - y^5 - y^6

Now, add all these together:

Constant term: 1

y term: -y -2y = -3y

y² term: -y² + 2y² - y² = 0

y³ term: 2y³ + y³ + 2y³ = 5y³

y^4 term: y^4 - 2y^4 + y^4 = 0

y^5 term: -2y^5 - y^5 = -3y^5

y^6 term: -y^6

Wait, let's check:

From 1*(...): 1 - y - y²

From -2y*(...): -2y + 2y² + 2y³

From -y²*(...): -y² + y³ + y^4

From 2y³*(...): 2y³ - 2y^4 - 2y^5

From y^4*(...): y^4 - y^5 - y^6

Now sum term by term:

Constants: 1

y: -y -2y = -3y

y²: -y² + 2y² - y² = 0

y³: 2y³ + y³ + 2y³ = 5y³

y^4: y^4 - 2y^4 + y^4 = 0

y^5: -2y^5 - y^5 = -3y^5

y^6: -y^6

So (1 - y - y²)^3 = 1 - 3y + 5y³ - 3y^5 - y^6

Let me verify with a simple value, say y=0: (1 - 0 - 0)^3 = 1. Plugging y=0 into the expansion: 1 - 0 + 0 - 0 - 0 = 1. Correct.

y=1: (1 - 1 - 1)^3 = (-1)^3 = -1. The expansion at y=1: 1 - 3(1) + 5(1) - 3(1) - (1) = 1 -3 +5 -3 -1 = (1 -3) + (5 -3 -1) = (-2) + (1) = -1. Correct. Good.

So (1 - y - y²)^3 = 1 - 3y + 5y³ - 3y^5 - y^6

And (1 - y²)^3 = 1 - 3y² + 3y^4 - y^6

So the difference (1 - y²)^3 - (1 - y - y²)^3 is:

[1 - 3y² + 3y^4 - y^6] - [1 - 3y + 5y³ - 3y^5 - y^6]

= 1 - 3y² + 3y^4 - y^6 -1 + 3y -5y³ + 3y^5 + y^6

Simplify:

(1 -1) + 3y + (-3y²) + (-5y³) + 3y^4 + 3y^5 + (-y^6 + y^6)

= 3y - 3y² -5y³ + 3y^4 + 3y^5

So the difference is 3y - 3y² -5y³ + 3y^4 + 3y"
"14","Okay, let's try to figure out this problem. We need to find the 25th derivative of y = 2x² sin(x). Hmm, derivatives of products... I remember that for functions like x^n sin(x), the nth derivative can be found using Leibniz's formula or by recognizing a pattern with the derivatives of sin(x) and cos(x). Let me recall.

First, let's denote y = 2x² sin(x). So we can factor out the 2: y = 2 * x² * sin(x). The 25th derivative of y will be 2 times the 25th derivative of x² sin(x). So maybe I should focus on finding the 25th derivative of x² sin(x) first.

Let's consider a general function f(x) = x^n sin(x). The derivatives of sin(x) cycle every 4 derivatives: sin(x), cos(x), -sin(x), -cos(x), sin(x), etc. Similarly for cos(x). So when we take derivatives of x^n sin(x), we'll have terms involving x^k sin(x), x^k cos(x), etc., where k decreases by 1 each time we take a derivative (since the derivative of x^n is n x^{n-1}).

But here n is 2, so x². Let's try to compute the derivatives step by step for lower orders to see a pattern.

First, let's compute the first few derivatives of x² sin(x):

Let f(x) = x² sin(x)

f'(x) = 2x sin(x) + x² cos(x)

f''(x) = 2 sin(x) + 2x cos(x) + 2x cos(x) - x² sin(x) = 2 sin(x) + 4x cos(x) - x² sin(x)

Wait, maybe better to use Leibniz's formula. Leibniz's formula says that the nth derivative of u*v is sum_{k=0}^n C(n,k) u^{(k)} v^{(n-k)}.

Let u = x², so u^{(k)} is 0 for k > 2, and u^{(0)} = x², u^{(1)} = 2x, u^{(2)} = 2, u^{(k)} = 0 for k ≥3.

v = sin(x), so v^{(m)} = sin(x + mπ/2) (since the mth derivative of sin(x) is sin(x + mπ/2)).

So the nth derivative of f(x) = u*v is sum_{k=0}^2 C(n,k) u^{(k)} v^{(n - k)}.

So for n ≥ 2, the 25th derivative will be:

C(25,0) * u^{(0)} * v^{(25)} + C(25,1) * u^{(1)} * v^{(24)} + C(25,2) * u^{(2)} * v^{(23)}

Because u^{(k)} is zero for k ≥3, so we only have k=0,1,2.

So let's compute each term.

First, u^{(0)} = x², u^{(1)} = 2x, u^{(2)} = 2.

v^{(m)} = sin(x + mπ/2). Let's recall that:

m=0: sin(x)
m=1: cos(x)
m=2: -sin(x)
m=3: -cos(x)
m=4: sin(x), etc.

So the mth derivative of sin(x) is sin(x + mπ/2). Let's confirm:

m=0: sin(x + 0) = sin(x)
m=1: sin(x + π/2) = cos(x)
m=2: sin(x + π) = -sin(x)
m=3: sin(x + 3π/2) = -cos(x)
m=4: sin(x + 2π) = sin(x), yes, correct.

So for v^{(m)} = sin(x + mπ/2).

So let's compute each term for n=25.

First term (k=0): C(25,0) * x² * v^{(25)} = 1 * x² * sin(x + 25π/2)

Second term (k=1): C(25,1) * 2x * v^{(24)} = 25 * 2x * sin(x + 24π/2) = 50x * sin(x + 12π)

Third term (k=2): C(25,2) * 2 * v^{(23)} = (25*24/2) * 2 * sin(x + 23π/2) = 300 * 2 * sin(x + 23π/2) = 600 sin(x + 23π/2)

Wait, but maybe we can simplify the sine terms using periodicity. Since sin(θ + 2π) = sinθ, so adding multiples of 2π doesn't change the sine.

Let's compute the arguments:

For the first term: 25π/2 = 12π + π/2 (since 25/2 = 12.5, so 12.5π = 12π + π/2). So sin(x + 25π/2) = sin(x + π/2 + 12π) = sin(x + π/2) because 12π is 6*2π, so sin(θ + 12π) = sinθ. So sin(x + 25π/2) = sin(x + π/2) = cos(x).

Wait, let's check: 25π/2 = (24π + π)/2 = 12π + π/2. So x + 25π/2 = x + 12π + π/2. Since sin has period 2π, sin(x + 12π + π/2) = sin(x + π/2) = cos(x). Yes, because 12π is 6 full periods (each 2π), so it's equivalent to sin(x + π/2) = cos(x).

Second term: 24π/2 = 12π, so sin(x + 12π) = sin(x) (since 12π is 6*2π, so period 2π).

Third term: 23π/2 = (22π + π)/2 = 11π + π/2. So x + 23π/2 = x + 11π + π/2. 11π is 5*2π + π, so sin(x + 11π + π/2) = sin(x + π + π/2) = sin(x + 3π/2) because 11π = 5*2π + π, so sin(x + 11π + π/2) = sin(x + π + π/2) = sin(x + 3π/2) = -cos(x) (since sin(x + 3π/2) = -cos(x)).

Wait, let's do this step by step.

First term: v^{(25)} = sin(x + 25π/2). Let's compute 25π/2 modulo 2π.

25π/2 divided by 2π is 25/4 = 6.25, so 6 full cycles (12π) and 0.25*2π = π/2. So 25π/2 = 6*2π + π/2. So sin(x + 25π/2) = sin(x + π/2) = cos(x).

Second term: v^{(24)} = sin(x + 24π/2) = sin(x + 12π) = sin(x) (since 12π is 6*2π).

Third term: v^{(23)} = sin(x + 23π/2). 23π/2 divided by 2π is 23/4 = 5.75, so 5*2π = 10π, 23π/2 = 10π + 3π/2 (since 10π = 20π/2, 23π/2 - 20π/2 = 3π/2). So sin(x + 23π/2) = sin(x + 3π/2) = -cos(x).

Wait, let's check:

sin(x + 3π/2) = -cos(x), yes, because sin(θ + 3π/2) = -cosθ.

Let me verify with specific values. For example, sin(0 + 3π/2) = sin(3π/2) = -1, and -cos(0) = -1, so that's correct.

So:

v^{(25)} = cos(x)

v^{(24)} = sin(x)

v^{(23)} = -cos(x)

Wait, let's confirm the derivatives:

The mth derivative of sin(x):

m=0: sin(x)

m=1: cos(x)

m=2: -sin(x)

m=3: -cos(x)

m=4: sin(x)

m=5: cos(x)

So it cycles every 4: m mod 4 = 0 → sin(x), 1 → cos(x), 2 → -sin(x), 3 → -cos(x).

So for m=25: 25 mod 4 = 1 (since 4*6=24, 25-24=1), so v^{(25)} = cos(x)

m=24: 24 mod 4 = 0 → sin(x)

m=23: 23 mod 4 = 3 (24 mod 4=0, so 23 mod 4=3) → v^{(23)} = -cos(x)

Yes, that's a better way. Let's use m mod 4.

So:

m=25: 25 mod 4 = 1 → cos(x)

m=24: 24 mod 4 = 0 → sin(x)

m=23: 23 mod 4 = 3 → -cos(x)

Perfect, that's simpler.

So now, let's compute each term.

First term (k=0): C(25,0) * x² * v^{(25)} = 1 * x² * cos(x)

Second term (k=1): C(25,1) * u^{(1)} * v^{(24)} = 25 * (2x) * sin(x) = 50x sin(x)

Third term (k=2): C(25,2) * u^{(2)} * v^{(23)} = (25*24/2) * 2 * (-cos(x)) = (300) * 2 * (-cos(x)) = 600*(-cos(x)) = -600 cos(x)

Wait, wait: u^{(2)} is 2 (since u = x², second derivative is 2), so:

C(25,2) is 25*24/2 = 300. Then u^{(2)} = 2, so 300 * 2 * v^{(23)} = 600 * (-cos(x)) = -600 cos(x)

So putting it all together, the 25th derivative of x² sin(x) is:

x² cos(x) + 50x sin(x) - 600 cos(x)

Then, since y = 2x² sin(x), the 25th derivative y^{(25)} is 2 times that:

2x² cos(x) + 100x sin(x) - 1200 cos(x)

Wait, let's check:

2 * [x² cos(x) + 50x sin(x) - 600 cos(x)] = 2x² cos(x) + 100x sin(x) - 1200 cos(x)

Now, let's look at the options.

The options are written as:

A. 2·x²-1200·cos(x)+100·x·cos(x) + 75·sin(x)

Wait, the options have some terms with sin(x) and cos(x). Wait, in our result, we have 2x² cos(x) + 100x sin(x) - 1200 cos(x). Let's see.

Let's rewrite our result:

y^{(25)} = 2x² cos(x) - 1200 cos(x) + 100x sin(x)

Which can be written as (2x² - 1200) cos(x) + 100x sin(x)

Wait, looking at the options:

Option E is: (2x² - 1200) cos(x) + 100x cos(x) → no, that's 100x cos(x), but we have 100x sin(x).

Option F: (2x² - 1200) cos(x) + 100x sin(x) → yes, that's exactly our result.

Wait, let's check the options again.

The options:

A. \(2\cdot x^2-1200\)\cdot\cos(x)+100\cdot x\cdot\cos(x) + 75\cdot\sin(x)

B. \(2\cdot x^2-1200\)\cdot\cos(x)+100\cdot x\cdot\cos(x) - 25\cdot\sin(x)

C. \(2\cdot x^2-1200\)\cdot\cos(x)+100\cdot x\cdot\cos(x) + 25\cdot\sin(x)

D. \(2\cdot x^2-1200\)\cdot\cos(x)+100\cdot x\cdot\cos(x) + 50\cdot\sin(x)

E. \(2\cdot x^2-1200\)\cdot\cos(x)+100\cdot x\cdot\cos(x)

F. \(2\cdot x^2-1200\)\cdot\cos(x)+100\cdot x\cdot\sin(x)

G. \(2\cdot x^2-1200\)\cdot\cos(x)-100\cdot x\cdot\cos(x)

H. \(2\cdot x^2-1200\)\cdot\cos(x)-100\cdot x\cdot\sin(x) + 25\cdot\sin(x)

I. \(2\cdot x^2-1200\)\cdot\cos(x)-100\cdot x\cdot\sin(x)

J. \(2\cdot x^2-1200\)\cdot\cos(x)+100\cdot x\cdot\cos(x) - 50\cdot\sin(x)

Ah! Option F is exactly (2x² - 1200) cos(x) + 100x sin(x). Let's confirm.

Yes, in our calculation, we have:

y^{(25)} = 2x² cos(x) - 1200 cos(x) + 100x sin(x) = (2x² - 1200) cos(x) + 100x sin(x)

So option F.

Wait, but let's check the signs again to be sure.

Let's re-express the third term:

Third term in the derivative of x² sin(x) was C(25,2) * u^{(2)} * v^{(23)}.

u^{(2)} is 2 (correct, since d²/dx² x² = 2).

v^{(23)}: 23 mod 4 = 3 (since 4*5=20, 23-20=3), so m=23: 3rd derivative cycle → -cos(x). So v^{(23)} = -cos(x).

So the third term is C(25,2) * 2 * (-cos(x)) = (300) * 2 * (-cos(x)) = -600 cos(x). Then multiplying by 2 (from y=2x² sin(x)) gives -1200 cos(x). Correct.

Second term: C(25,1) * u^{(1)} * v^{(24)}. u^{(1)} = 2x. v^{(24)}: 24 mod 4 = 0 → sin(x). So C(25,1) = 25, so 25 * 2x * sin(x) = 50x sin(x). Then multiplied by 2 (from y=2x² sin(x)) gives 100x sin(x). Correct.

First term: C(25,0) * u^{(0)} * v^{(25)}. u^{(0)} = x². v^{(25)}: 25 mod 4 = 1 → cos(x). So 1 * x² * cos(x) * 2 (from the 2 in y) = 2x² cos(x). So yes.

So the total is 2x² cos(x) - 1200 cos(x) + 100x sin(x) = (2x² - 1200) cos(x) + 100x sin(x), which is option F.

Let me check the options again. Option F is written as \(2\cdot x^2-1200\)\cdot\cos(x)+100\cdot x\cdot\sin(x). Yes, that's exactly it.

I think that's correct. Let's see if any other options could be close. For example, option J has -50 sin(x), but we have +100x sin(x), so no. Option F is the only one with 100x sin(x). The others have 100x cos(x) or other terms. So F is the answer.
</think>

To determine the 25th derivative of the function $ y ="
"15","Okay, let's tackle each part one by one. 

Starting with part (a): The problem says the length of human pregnancies is approximately Normal with mean 266 days and standard deviation 16 days. We need the probability that the average pregnancy length for 6 randomly chosen women exceeds 270 days. 

First, since we're dealing with the average of a sample, we should use the Central Limit Theorem (CLT) here. Even though the original distribution is Normal, the sample mean will also be Normal because the population is Normal. 

The mean of the sample mean (μ_x̄) is equal to the population mean (μ) = 266 days. The standard deviation of the sample mean (σ_x̄) is the population standard deviation divided by the square root of the sample size (n). So σ_x̄ = 16 / sqrt(6). Let me calculate that: sqrt(6) is approximately 2.449489743, so 16 / 2.449489743 ≈ 6.5328. 

We need to find P(x̄ > 270). To do this, we calculate the z-score: z = (270 - μ_x̄) / σ_x̄ = (270 - 266) / (16 / sqrt(6)) = 4 / (16 / sqrt(6)) = (4 * sqrt(6)) / 16 = sqrt(6)/4 ≈ 2.449489743 / 4 ≈ 0.61237. 

Wait, let me check that again. Wait, z = (x̄ - μ) / (σ / sqrt(n)) = (270 - 266) / (16 / sqrt(6)) = 4 / (16 / sqrt(6)) = (4 * sqrt(6)) / 16 = sqrt(6)/4. Yes, that's correct. sqrt(6) is about 2.449, so 2.449 / 4 ≈ 0.612. 

Now, we need the probability that a z-score is greater than 0.612. Looking up in the standard normal table: the area to the left of z=0.61 is about 0.7291, and z=0.62 is 0.7324. So 0.612 is between them. Let's interpolate. The difference between z=0.61 and z=0.62 is 0.01 in z, which corresponds to 0.7324 - 0.7291 = 0.0033 in probability. 0.612 is 0.002 above z=0.61, so 0.002 / 0.01 = 0.2 of the interval. So the area to the left is approximately 0.7291 + 0.2*0.0033 ≈ 0.7291 + 0.00066 ≈ 0.72976. Therefore, the area to the right (P(z > 0.612)) is 1 - 0.72976 ≈ 0.27024. So approximately 0.27. That would be option B. Let me confirm with a calculator. Using a z-table or calculator function: for z=0.612, the cumulative probability is Φ(0.612) ≈ 0.7298, so 1 - 0.7298 ≈ 0.2702, which is about 0.27. So the answer here is B.

Moving to part (b): SAT math scores are Normal with mean 559 and standard deviation 106. We take an SRS of 100 students and average their scores. The question is about the standard deviation of the average scores. 

The standard deviation of the sample mean (also called the standard error) is σ / sqrt(n). Here, σ is 106, n is 100. So standard error = 106 / sqrt(100) = 106 / 10 = 10.6. So the answer should be C. 10.6. Let me check the options: A. 106, B. 1.06, C. 10.6, D. None. So yes, C is correct.

Part (c): The question states that the sample mean is an unbiased estimator of the population mean μ. What does ""unbiased"" mean here? An unbiased estimator has an expected value equal to the population parameter. So the average of the sample means (over all possible samples) is equal to μ. That's option A. Let's see the options: A says ""the average sample mean x̄, over all possible samples, is equal to μ"". Yes, that's the definition of unbiased. Option C says ""the sample mean x̄ is always equal to μ"", which is not true (it's a random variable), so C is incorrect. B is about the distribution being Normal, which isn't directly related to unbiasedness. D is ""None of the above"". So the correct answer is A.

Let me double-check each.

For (a): The z-score calculation. The sample size is 6, so standard error is 16/sqrt(6) ≈ 16/2.449 ≈ 6.532. The difference from the mean is 4 days. So z = 4 / 6.532 ≈ 0.612. The probability that z > 0.612 is about 0.27, so B is correct.

For (b): Standard error is σ / sqrt(n) = 106 / 10 = 10.6, so C is correct.

For (c): Unbiased means that the expected value of the sample mean is μ, so the average of all possible sample means is μ. So A is correct.

So the answers are B, C, A respectively.
</think>

\boxed{B, C, A}"
"16","Okay, let's see. I need to find all solutions for tan(θ) = 4.76. The problem says θ = [ANS] + [ANS] n, where n is any integer, and the first blank is between -π/2 and π/2. 

First, I remember that the tangent function has a period of π, so the general solution for tan(θ) = k is θ = arctan(k) + nπ, where n is any integer. So in this case, k is 4.76. 

So the principal value (the one between -π/2 and π/2) should be arctan(4.76). Let me calculate that. 

I need to compute arctan(4.76). Let me recall that arctan(1) is π/4 ≈ 0.785, arctan(√3) ≈ 1.047, arctan(4) is about 1.3258 radians (since tan(1.3258) ≈ 4), and arctan(5) is approximately 1.3734 radians. So 4.76 is between 4 and 5, so arctan(4.76) should be between 1.3258 and 1.3734. Let me use a calculator to get a more precise value.

Wait, since I don't have a calculator here, but I can approximate or remember that in radians, arctan(x) can be calculated using the Taylor series, but that's complicated. Alternatively, maybe I can use the fact that tan(1.36) is... Let's think. Let's try to compute it step by step.

Alternatively, since the problem says to use at least four significant digits, I need to get a precise value. Let's assume I have a calculator here. Let me recall that in many calculators, arctan(4.76) is approximately... Let me check.

Wait, let's do this. Let's convert 4.76 to degrees first to get an idea, but maybe not necessary. Let's use the inverse tangent function.

I know that tan(1.36) ≈ tan(77.9 degrees) because 1 rad ≈ 57.3 degrees, so 1.36 radians ≈ 1.36 * 57.3 ≈ 77.9 degrees. tan(77.9 degrees) is approximately 4.76? Let's check: tan(75 degrees) is about 3.732, tan(80 degrees) is about 5.671, so 77.9 degrees is between 75 and 80. Let's see, 77 degrees: tan(77) ≈ 4.331, 78 degrees: tan(78) ≈ 4.7046, 79 degrees: tan(79) ≈ 5.1446. So 4.76 is between 78 and 79 degrees. Let's find the exact value in radians.

Let me convert 78 degrees to radians: 78 * π/180 ≈ 1.3614 radians. tan(1.3614) ≈ 4.7046 (since 78 degrees is 1.3614 radians). Then 78.5 degrees is 78.5 * π/180 ≈ 1.3694 radians. tan(1.3694) ≈ let's see, the difference between 78 and 79 degrees is 1 degree, which is about 0.01745 radians. The tan increases from 4.7046 to 5.1446 over 1 degree, so the rate is about (5.1446 - 4.7046)/1 degree ≈ 0.44 per degree. So to get tan(θ) = 4.76, which is 4.76 - 4.7046 = 0.0554 above 78 degrees. So 0.0554 / 0.44 ≈ 0.126 degrees. So θ ≈ 78 + 0.126 ≈ 78.126 degrees. Convert that to radians: 78.126 * π/180 ≈ (78.126 * 3.1416)/180 ≈ (244.5)/180 ≈ 1.358 radians. Wait, maybe my approximation is off.

Alternatively, use a calculator. Let's say I use a calculator to find arctan(4.76). Let me recall that in Python, math.atan(4.76) gives the value. Let me simulate that.

In Python, math.atan(4.76) is approximately... Let's see, I can use the Taylor series for arctan around x=4, but that's complicated. Alternatively, remember that arctan(x) + arctan(1/x) = π/2 for x > 0. So arctan(4.76) = π/2 - arctan(1/4.76). Let's compute 1/4.76 ≈ 0.210084. Then arctan(0.210084) is approximately 0.207 radians (since arctan(0.2) ≈ 0.1974, arctan(0.21) ≈ 0.207). So arctan(4.76) ≈ π/2 - 0.207 ≈ 1.5708 - 0.207 ≈ 1.3638 radians. Let's check with a better approximation.

Let me use the small angle approximation for arctan(0.210084). For small x, arctan(x) ≈ x - x^3/3 + x^5/5 - ... So x = 0.210084, x^3 ≈ 0.00926, so arctan(x) ≈ 0.210084 - 0.00926/3 ≈ 0.210084 - 0.003087 ≈ 0.206997. So arctan(0.210084) ≈ 0.2070 radians. Then arctan(4.76) = π/2 - 0.2070 ≈ 1.5708 - 0.2070 ≈ 1.3638 radians.

Let me verify with another method. Let's use the fact that tan(1.36) ≈ tan(1.36). Let's compute tan(1.36). 1.36 radians is about 77.9 degrees (since 1 rad ≈ 57.3 degrees, 1.36 * 57.3 ≈ 77.9). tan(77.9 degrees) ≈ 4.70 (as before). Let's compute tan(1.3638). Let's use the derivative of tan(x) is sec^2(x) = 1 + tan^2(x). So the derivative at x = a is 1 + tan^2(a). So if we want to find Δx such that tan(a + Δx) = 4.76, then tan(a) + Δx * sec^2(a) ≈ 4.76. Let's take a = 1.36, tan(a) ≈ 4.70, sec^2(a) = 1 + (4.70)^2 ≈ 1 + 22.09 = 23.09. So Δx ≈ (4.76 - 4.70)/23.09 ≈ 0.06 / 23.09 ≈ 0.0026. So a + Δx ≈ 1.36 + 0.0026 ≈ 1.3626 radians. So tan(1.3626) ≈ 4.76. Let's check: 1.3626 radians. Let's compute tan(1.3626). Let's use a calculator-like approach.

Alternatively, I can use the fact that in many standard calculators, arctan(4.76) is approximately 1.363 radians. Let me confirm with an online calculator (pretending I can access one). For example, if I type ""arctan(4.76) in radians"" into a calculator, it gives approximately 1.363 radians. Let's say 1.3630 radians. Let's check with more precision.

Let me use the Taylor series expansion around x = 4.76. Wait, maybe better to use a calculator value. Let's assume that arctan(4.76) ≈ 1.3630 radians (to four significant digits). Let's verify:

tan(1.3630) ≈ tan(1.363). Let's compute 1.363 radians. Let's convert to degrees: 1.363 * (180/π) ≈ 1.363 * 57.2958 ≈ 78.1 degrees. tan(78.1 degrees) ≈ let's see, tan(78 degrees) ≈ 4.7046, tan(78.1 degrees) ≈ tan(78 + 0.1) ≈ tan(78) + 0.1*(π/180)*sec^2(78). The derivative of tan(x) in degrees is (π/180) * sec^2(x). So for x in degrees, d(tan(x))/dx = (π/180)(1 + tan^2(x)). So at x = 78 degrees, tan(x) ≈ 4.7046, so sec^2(x) ≈ 1 + (4.7046)^2 ≈ 1 + 22.13 ≈ 23.13. So d(tan(x))/dx ≈ (3.1416/180)*23.13 ≈ (0.01745)*23.13 ≈ 0.402 per degree. So tan(78.1 degrees) ≈ 4.7046 + 0.1*0.402 ≈ 4.7046 + 0.0402 ≈ 4.7448. Close to 4.76. So 78.1 degrees gives tan ≈ 4.7448. Then 78.2 degrees: 4.7448 + 0.1*0.402 ≈ 4.785. So 4.76 is between 78.1 and 78.2 degrees. Let's find how much.

The difference between 4.76 and 4.7448 is 0.0152. The rate is 0.402 per degree, so 0.0152 / 0.402 ≈ 0.0378 degrees. So θ ≈ 78.1 + 0.0378 ≈ 78.1378 degrees. Convert that to radians: 78.1378 * (π/180) ≈ 78.1378 * 0.0174533 ≈ 1.363 radians. So that's consistent.

So arctan(4.76) ≈ 1.363 radians (to four significant digits). Let's check with more precision. Let's use a calculator value. Suppose I have a calculator that says arctan(4.76) ≈ 1.3630 radians. Let's confirm with four significant digits: 1.363 (since 1.3630 has five, but we need four, so 1.363).

Wait, four significant digits: 1.363 has four (1, 3, 6, 3). So that's good.

Now, the problem says ""the value in each first blank lies between -π/2 and π/2"". Since 4.76 is positive, the principal value is in (0, π/2), so the first blank is arctan(4.76) ≈ 1.363 radians.

The general solution for tan(θ) = 4.76 is θ = arctan(4.76) + nπ, where n is any integer. So the two blanks are arctan(4.76) and π. Wait, the problem says ""θ = [ANS] + [ANS] n"". So the first blank is the principal value (between -π/2 and π/2), and the second blank is the period of the tangent function, which is π.

Wait, let's check the problem statement: ""θ = [ANS] + [ANS] n where n is any integer and where the value in each first blank lies between -π/2 and π/2"". Wait, ""each first blank"" – maybe there's a typo, but probably it's two blanks: the first is the principal value, the second is π.

Wait, the problem says ""Determine all solutions for tan(θ)=4.76 θ=[ANS]+[ANS] n where n is any integer and where the value in each first blank lies between -π/2 and π/2"". So ""each first blank"" – maybe it's a translation issue. Probably, the solution is θ = α + nπ, where α is the principal value (between -π/2 and π/2), so the first blank is α, the second blank is π.

Yes, that makes sense. Because the period of tan is π, so the general solution is θ = arctan(4.76) + nπ.

So we need to find α = arctan(4.76) (to four significant digits) and the second blank is π (to four significant digits? Wait, the problem says ""Use radian measure and enter your answers using at least four significant digits."" So both answers need to be at least four significant digits.

Wait, π is approximately 3.1415926535..., so four significant digits is 3.142 (since the fourth digit is 1, fifth is 5, so round up: 3.142).

But let's confirm. Let's compute arctan(4.76) more precisely.

Using a calculator (pretending I have one), let's say arctan(4.76) ≈ 1.3630 radians. Let's check with a calculator:

If I use the calculator function, for example, on a scientific calculator, entering 4.76 and pressing tan⁻¹ gives approximately 1.3630 radians.

Let me verify with a more precise method. Let's use the Newton-Raphson method to find arctan(4.76).

Let f(x) = tan(x) - 4.76. We want to find x such that f(x) = 0.

Start with an initial guess x₀ = 1.36.

f(1.36) = tan(1.36) - 4.76. Let's compute tan(1.36). Using a calculator, tan(1.36) ≈ 4.704 (as before). So f(1.36) ≈ 4.704 - 4.76 = -0.056.

f'(x) = sec²(x) = 1 + tan²(x) ≈ 1 + (4.704)² ≈ 1 + 22.13 = 23.13.

Next iteration: x₁ = x₀ - f(x₀)/f'(x₀) = 1.36 - (-0.056)/23.13 ≈ 1.36 + 0.00242 ≈ 1.36242.

Compute f(1.36242) = tan(1.36242) - 4.76. Let's compute tan(1.36242). Let's use the approximation that tan(x) ≈ tan(x₀) + (x - x₀)sec²(x₀). So tan(1.36242) ≈ tan(1.36) + (0.00242)*23.13 ≈ 4.704 + 0.056 ≈ 4.76. So f(x₁) ≈ 0. So x₁ ≈ 1.36242 radians. So arctan(4.76) ≈ 1.3624 radians, which to four significant digits is 1.362 (since 1.3624 has four significant digits: 1, 3, 6, 2; the next digit is 4, which is less than 5, so we keep it as 1.362). Wait, 1.3624 is approximately 1.362 when rounded to four significant digits? Wait, four significant digits: 1.362 (the fourth digit is 2, the fifth is 4, so no rounding up). Wait, 1.3624: the first four significant digits are 1, 3, 6, 2. The next digit is 4, so it stays 1.362.

Wait, let's check: 1.3624 has five significant digits. To four, it's 1.362 (since the fourth digit is 2, and the fifth is 4,"
"17","Okay, let's tackle these two parts step by step. First, part (a): If cos²(8x) - sin²(8x) = cos(f(x)), then find f(x). 

Hmm, I remember there's a double-angle identity for cosine. Let me recall. The double-angle formula for cosine is cos(2θ) = cos²θ - sin²θ. Oh, right! So if I let θ be 8x, then cos²(8x) - sin²(8x) is equal to cos(2*8x) = cos(16x). So that means f(x) should be 16x. Let me check that. If θ = 8x, then 2θ = 16x, so yes, cos²θ - sin²θ = cos(2θ). So part (a) is straightforward. f(x) = 16x.

Now part (b): cos⁴(8x) - sin⁴(8x) = cos(g(x)). The hint says to use a⁴ - b⁴ = (a² - b²)(a² + b²). Let's apply that. Let a = cos(8x) and b = sin(8x). Then a⁴ - b⁴ = (a² - b²)(a² + b²). 

We already know from part (a) that a² - b² = cos(16x). Now, what's a² + b²? That's cos²(8x) + sin²(8x) = 1, by the Pythagorean identity. So putting it together, cos⁴(8x) - sin⁴(8x) = (cos²(8x) - sin²(8x))(cos²(8x) + sin²(8x)) = cos(16x) * 1 = cos(16x). Wait, so does that mean g(x) is also 16x? Let me verify.

Let's compute it step by step. Let's take a specific value to check. Let x = 0. Then cos⁴(0) - sin⁴(0) = 1 - 0 = 1. cos(g(0)) should be 1. If g(x) = 16x, then g(0) = 0, and cos(0) = 1, which matches. Another test: x = π/32. Then 8x = π/4. cos(π/4) = sin(π/4) = √2/2. So cos⁴(π/4) - sin⁴(π/4) = (√2/2)^4 - (√2/2)^4 = 0. Now, cos(g(π/32)) should be 0. If g(x) = 16x, then 16*(π/32) = π/2, and cos(π/2) = 0, which matches. That seems right.

Wait, let me do the algebra again. a⁴ - b⁴ = (a² - b²)(a² + b²) = [cos²θ - sin²θ][cos²θ + sin²θ] where θ = 8x. Then cos²θ - sin²θ = cos(2θ) = cos(16x), and cos²θ + sin²θ = 1. So the product is cos(16x)*1 = cos(16x). So yes, cos⁴(8x) - sin⁴(8x) = cos(16x). Therefore, g(x) = 16x.

So both parts (a) and (b) have f(x) = 16x and g(x) = 16x. Let me make sure there's no mistake here. For part (a), it's directly the double angle, so that's correct. For part (b), factoring the difference of squares (as a difference of fourth powers) gives the product of the difference of squares and sum of squares, which simplifies to cos(16x). Yep, that seems right. I don't think I made a mistake here.

So the answers are f(x) = 16x and g(x) = 16x.
</think>

To solve the given problems, we apply standard trigonometric identities and algebraic simplifications.

---

### **Part (a):**  
We are given:
$$
\cos^2(8x) - \sin^2(8x) = \cos(f(x))
$$

This expression matches the **double-angle identity** for cosine:
$$
\cos(2\theta) = \cos^2(\theta) - \sin^2(\theta)
$$

Letting $\theta = 8x$, we have:
$$
\cos^2(8x) - \sin^2(8x) = \cos(2 \cdot 8x) = \cos(16x)
$$

Thus,
$$
f(x) = 16x
$$

---

### **Part (b):**  
We are given:
$$
\cos^4(8x) - \sin^4(8x) = \cos(g(x))
$$

Using the hint: $a^4 - b^4 = (a^2 - b^2)(a^2 + b^2)$, let $a = \cos(8x)$ and $b = \sin(8x)$. Then:

$$
\cos^4(8x) - \sin^4(8x) = (\cos^2(8x) - \sin^2(8x))(\cos^2(8x) + \sin^2(8x))
$$

From part (a), we know:
$$
\cos^2(8x) - \sin^2(8x) = \cos(16x)
$$

Also, from the Pythagorean identity:
$$
\cos^2(8x) + \sin^2(8x) = 1
$$

So the entire expression becomes:
$$
\cos(16x) \cdot 1 = \cos(16x)
$$

Therefore,
$$
g(x) = 16x
$$

---

### **Final Answer:**

$$
\boxed{16x, 16x}
$$"
"18","Okay, let's try to figure out this problem. So, we have eight independent observations from a continuous distribution, and the order statistics are Y₁ < Y₂ < ... < Y₈. The 70th percentile π₀.₇ is 27.3. We need to find P(Y₇ < 27.3). 

First, I remember that for order statistics, the probability that the k-th order statistic is less than some value x is related to the binomial distribution. Specifically, if we have n independent observations, then P(Y_k < x) = P(at least k observations are less than x). Wait, no, actually, for continuous distributions, the probability that an observation is less than x is p = F(x), where F is the cumulative distribution function (CDF). Then, the probability that Y_k < x is equal to the probability that at least k of the n observations are less than x. Wait, no, let's think carefully.

In a continuous distribution, the CDF F(x) = P(X ≤ x) = π₀.₇ when x = 27.3, so F(27.3) = 0.7. Because the 70th percentile is the value where 70% of the distribution is below it, so F(27.3) = 0.7.

Now, the order statistic Y_k is the k-th smallest observation. So, Y_k < x means that at least k of the n observations are less than x. Wait, no. Let's recall: For a continuous distribution, P(Y_k ≤ x) = P(at least k observations are ≤ x). But since it's continuous, the probability of equality is zero, so P(Y_k < x) = P(Y_k ≤ x).

The formula for the CDF of the k-th order statistic is:

P(Y_k ≤ x) = Σ (from i=k to n) [C(n, i) * (F(x))^i * (1 - F(x))^(n - i)]

Wait, no, actually, it's the probability that exactly i observations are less than x, for i from k to n? Wait, let me check.

Suppose we have n independent observations. The number of observations less than x follows a binomial distribution with parameters n and p = F(x). Let's call this number N. Then, Y_k < x if and only if N ≥ k. Because if at least k observations are less than x, then the k-th smallest observation is less than x. Conversely, if Y_k < x, then at least k observations are less than x.

Yes, that's right. So, P(Y_k < x) = P(N ≥ k) where N ~ Binomial(n, p), with p = F(x).

In this problem, n = 8 (since there are eight observations), and x = 27.3, so p = F(27.3) = 0.7 (since it's the 70th percentile). We need to find P(Y₇ < 27.3). 

So, Y₇ is the 7th order statistic. So, P(Y₇ < 27.3) = P(N ≥ 7), where N ~ Binomial(8, 0.7).

Let's compute that. The binomial probability mass function is P(N = i) = C(8, i) * (0.7)^i * (0.3)^(8 - i).

So, P(N ≥ 7) = P(N = 7) + P(N = 8).

Compute P(N = 7): C(8,7) * (0.7)^7 * (0.3)^1.

C(8,7) is 8.

So, 8 * (0.7)^7 * 0.3.

Let me compute (0.7)^7 first. 0.7^2 = 0.49, 0.7^3 = 0.343, 0.7^4 = 0.2401, 0.7^5 = 0.16807, 0.7^6 = 0.117649, 0.7^7 = 0.0823543.

So, 8 * 0.0823543 * 0.3 = 8 * 0.02470629 = 0.19765032.

Then, P(N = 8) = C(8,8) * (0.7)^8 * (0.3)^0 = 1 * (0.7)^8 * 1.

(0.7)^8 = 0.7^7 * 0.7 = 0.0823543 * 0.7 = 0.05764801.

So, P(N = 8) = 0.05764801.

Therefore, P(N ≥ 7) = 0.19765032 + 0.05764801 ≈ 0.25529833.

So approximately 0.2553.

Looking at the options, option I is 0.2553. So the answer should be I.

Wait, let me confirm. Let's check the calculation again.

First, (0.7)^7: 0.7^1 = 0.7

0.7^2 = 0.49

0.7^3 = 0.49 * 0.7 = 0.343

0.7^4 = 0.343 * 0.7 = 0.2401

0.7^5 = 0.2401 * 0.7 = 0.16807

0.7^6 = 0.16807 * 0.7 = 0.117649

0.7^7 = 0.117649 * 0.7 = 0.0823543 (correct)

0.7^8 = 0.0823543 * 0.7 = 0.05764801 (correct)

C(8,7) = 8, so 8 * 0.0823543 * 0.3 = 8 * 0.02470629 = 0.19765032

C(8,8) = 1, so 1 * 0.05764801 = 0.05764801

Sum: 0.19765032 + 0.05764801 = 0.25529833 ≈ 0.2553.

Yes, that's exactly option I. So the answer is I.
</think>

To determine $ P(Y_7 < 27.3) $, we analyze the behavior of the order statistics from a continuous distribution.

---

### Step 1: Understand the Given Information

We are told that $ Y_1 < Y_2 < \cdots < Y_8 $ are the **order statistics** of **eight independent observations** from a **continuous-type distribution** with:

- The **70th percentile** $ \pi_{0.7} = 27.3 $
- This implies that $ F(27.3) = 0.7 $, where $ F(x) $ is the cumulative distribution function (CDF) of the underlying distribution.

We are asked to compute:
$$
P(Y_7 < 27.3)
$$

---

### Step 2: Use the Order Statistic Probability Formula

For a continuous distribution, the probability that the $ k $-th order statistic is less than some value $ x $ is given by:

$$
P(Y_k < x) = P(\text{at least } k \text{ observations} < x)
$$

This corresponds to the **binomial probability** that at least $ k $ out of $ n $ observations are less than $ x $. Since $ F(x) = p $, this becomes:

$$
P(Y_k < x) = \sum_{i=k}^{n} \binom{n}{i} p^i (1 - p)^{n - i}
$$

In our case:
- $ n = 8 $
- $ k = 7 $
- $ p = F(27.3) = 0.7 $

So we need to compute:

$$
P(Y_7 < 27.3) = P(N \geq 7) \quad \text{where } N \sim \text{Bin}(8, 0.7)
$$

That is:
$$
P(N \geq 7) = P(N = 7) + P(N = 8)
$$

---

### Step 3: Compute the Binomial Probabilities

#### Compute $ P(N = 7) $:

$$
P(N = 7) = \binom{8}{7} (0.7)^7 (0.3)^1 = 8 \cdot (0.7)^7 \cdot 0.3
$$

We calculate:
- $ (0.7)^7 = 0.0823543 $
- So, $ P(N = 7) = 8 \cdot 0.0823543 \cdot 0.3 = 0.19765032 $

#### Compute $ P(N = 8) $:

$$
P(N = 8) = \binom{8}{8} (0.7)^8 (0.3)^0 = 1 \cdot (0.7)^8 \cdot 1 = (0.7)^8
$$

- $ (0.7)^8 = 0.05764801 $

---

### Step 4: Add the Probabilities

$$
P(Y_7 < 27.3) = P(N = 7) + P(N = 8) = 0.19765032 + 0.05764801 = 0.25529833
$$

Rounded to four decimal places, this is approximately:

$$
0.2553
$$

---

### Step 5: Match with Given Options

The options are labeled as follows:

- A. 0.9012  
- B. 0.2929  
- C. 0.4334  
- D. 0.7890  
- E. 0.3456  
- F. 0.1234  
- G. 0.1975  
- H. 0.6543  
- **I. 0.2553**  
- J. 0.5678

The value $ 0.2553 $ matches **option I**.

---

### ✅ Final Answer

$$
\boxed{I}
$$"
"19","Okay, let's try to solve this problem step by step. First, we have a sequence defined by \( a_0 = x \), \( a_1 = y \), and the recurrence relation \( a_n \cdot a_{n+2} = a_{n+1} \) for all \( n \geq 0 \). We need to find \( x^3 + y^3 \) given that \( a_{2007} + a_{2008} = 3 \) and \( a_{2007} \cdot a_{2008} = \frac{1}{3} \).

First, let's try to find the pattern of the sequence. Maybe it's periodic? Let's compute the first few terms to see.

Given:
- \( a_0 = x \)
- \( a_1 = y \)
- For \( n = 0 \): \( a_0 \cdot a_2 = a_1 \) ⇒ \( x \cdot a_2 = y \) ⇒ \( a_2 = \frac{y}{x} \) (assuming \( x \neq 0 \), which it is a positive real)
- For \( n = 1 \): \( a_1 \cdot a_3 = a_2 \) ⇒ \( y \cdot a_3 = \frac{y}{x} \) ⇒ \( a_3 = \frac{1}{x} \) (since \( y \) is positive, we can divide by it)
- For \( n = 2 \): \( a_2 \cdot a_4 = a_3 \) ⇒ \( \frac{y}{x} \cdot a_4 = \frac{1}{x} \) ⇒ \( a_4 = \frac{1}{y} \)
- For \( n = 3 \): \( a_3 \cdot a_5 = a_4 \) ⇒ \( \frac{1}{x} \cdot a_5 = \frac{1}{y} \) ⇒ \( a_5 = \frac{x}{y} \)
- For \( n = 4 \): \( a_4 \cdot a_6 = a_5 \) ⇒ \( \frac{1}{y} \cdot a_6 = \frac{x}{y} \) ⇒ \( a_6 = x \)
- For \( n = 5 \): \( a_5 \cdot a_7 = a_6 \) ⇒ \( \frac{x}{y} \cdot a_7 = x \) ⇒ \( a_7 = y \)

Oh! So the sequence repeats every 6 terms. Let's list them out:

\( a_0 = x \)

\( a_1 = y \)

\( a_2 = \frac{y}{x} \)

\( a_3 = \frac{1}{x} \)

\( a_4 = \frac{1}{y} \)

\( a_5 = \frac{x}{y} \)

\( a_6 = x \) (same as \( a_0 \))

\( a_7 = y \) (same as \( a_1 \))

So the period is 6. That's a key insight. Let's confirm the period:

From \( a_6 = x = a_0 \) and \( a_7 = y = a_1 \), so the sequence is periodic with period 6.

Now, we need to find \( a_{2007} \) and \( a_{2008} \) in terms of the period.

First, let's find the index modulo 6.

For any \( n \), \( a_n = a_{n \mod 6} \) (since period 6).

Let's compute 2007 mod 6 and 2008 mod 6.

2007 divided by 6: 6*334 = 2004, so 2007 = 6*334 + 3 ⇒ 2007 ≡ 3 mod 6

2008 = 6*334 + 4 ⇒ 2008 ≡ 4 mod 6

So \( a_{2007} = a_3 \) and \( a_{2008} = a_4 \)

From above, \( a_3 = \frac{1}{x} \) and \( a_4 = \frac{1}{y} \)

Wait, let's check that again. Let's list the terms with indices:

n : 0 1 2 3 4 5 6 7 8 9 10 11...

a_n: x y y/x 1/x 1/y x/y x y y/x 1/x 1/y x/y...

Yes, so n=3: 1/x, n=4: 1/y, n=5: x/y, n=6: x (which is n=0), so period 6.

So 2007 mod 6: 2007 /6 = 334*6=2004, 2007-2004=3, so 2007 ≡ 3 mod 6 ⇒ a_{2007} = a_3 = 1/x

2008 ≡ 4 mod 6 ⇒ a_{2008} = a_4 = 1/y

Given that \( a_{2007} + a_{2008} = 3 \) ⇒ \( \frac{1}{x} + \frac{1}{y} = 3 \)

And \( a_{2007} \cdot a_{2008} = \frac{1}{3} \) ⇒ \( \frac{1}{x} \cdot \frac{1}{y} = \frac{1}{3} \) ⇒ \( \frac{1}{xy} = \frac{1}{3} \) ⇒ \( xy = 3 \)

So now we have:

1. \( \frac{1}{x} + \frac{1}{y} = 3 \)

2. \( xy = 3 \)

Let's write \( \frac{1}{x} + \frac{1}{y} = \frac{x + y}{xy} = 3 \). Since \( xy = 3 \), this becomes \( \frac{x + y}{3} = 3 \) ⇒ \( x + y = 9 \)

Now, we need to find \( x^3 + y^3 \). Recall that \( x^3 + y^3 = (x + y)(x^2 - xy + y^2) \)

We know \( x + y = 9 \), \( xy = 3 \). Let's compute \( x^2 + y^2 = (x + y)^2 - 2xy = 81 - 6 = 75 \)

Then \( x^2 - xy + y^2 = (x^2 + y^2) - xy = 75 - 3 = 72 \)

Therefore, \( x^3 + y^3 = 9 * 72 = 648 \)

Wait, let's check the options. The options are:

A. 652

B. 650

C. 647

D. 645

E. 648

F. 651

G. 649

H. 646

I. 653

So option E is 648. Let me verify again to make sure I didn't make a mistake in the period.

Let's rederive the sequence:

a0 = x

a1 = y

a2 = a1 / a0 = y/x (from a0*a2 = a1 ⇒ a2 = a1/a0)

a3 = a2 / a1 = (y/x)/y = 1/x (from a1*a3 = a2 ⇒ a3 = a2/a1)

a4 = a3 / a2 = (1/x)/(y/x) = 1/y (from a2*a4 = a3 ⇒ a4 = a3/a2)

a5 = a4 / a3 = (1/y)/(1/x) = x/y (from a3*a5 = a4 ⇒ a5 = a4/a3)

a6 = a5 / a4 = (x/y)/(1/y) = x (from a4*a6 = a5 ⇒ a6 = a5/a4)

a7 = a6 / a5 = x/(x/y) = y (from a5*a7 = a6 ⇒ a7 = a6/a5)

Yes, so the period is 6, correct.

2007 divided by 6: 6*334=2004, 2007-2004=3, so 2007 ≡ 3 mod 6, so a2007 = a3 = 1/x

2008 ≡ 4 mod 6, so a2008 = a4 = 1/y

Given a2007 + a2008 = 3 ⇒ 1/x + 1/y = 3

a2007 * a2008 = 1/3 ⇒ (1/x)(1/y) = 1/3 ⇒ xy = 3

Then (1/x + 1/y) = (x + y)/xy = 3 ⇒ (x + y)/3 = 3 ⇒ x + y = 9

x^3 + y^3 = (x + y)^3 - 3xy(x + y) = 9^3 - 3*3*9 = 729 - 81 = 648. Oh, that's another way to compute it, which confirms the result.

Yes, 9^3 is 729, 3xy(x + y) is 3*3*9=81, so 729-81=648. Perfect, that's the same as before.

So the answer should be E. 648.
</think>

To solve the problem, we begin by analyzing the recurrence relation:

$$
a_n \cdot a_{n+2} = a_{n+1}, \quad \text{for all } n \geq 0
$$

with initial conditions $ a_0 = x $ and $ a_1 = y $, where $ x, y > 0 $.

---

### Step 1: Determine the Periodicity of the Sequence

We compute the first few terms to identify a pattern:

- $ a_0 = x $
- $ a_1 = y $
- $ a_2 = \frac{a_1}{a_0} = \frac{y}{x} $
- $ a_3 = \frac{a_2}{a_1} = \frac{1}{x} $
- $ a_4 = \frac{a_3}{a_2} = \frac{1}{y} $
- $ a_5 = \frac{a_4}{a_3} = \frac{x}{y} $
- $ a_6 = \frac{a_5}{a_4} = x $
- $ a_7 = \frac{a_6}{a_5} = y $

This shows that the sequence is **periodic with period 6**. That is,

$$
a_n = a_{n \mod 6}
$$

---

### Step 2: Use Given Values to Express in Terms of $ x $ and $ y $

We are given:

- $ a_{2007} + a_{2008} = 3 $
- $ a_{2007} \cdot a_{2008} = \frac{1}{3} $

Compute indices modulo 6:

- $ 2007 \mod 6 = 3 $ ⇒ $ a_{2007} = a_3 = \frac{1}{x} $
- $ 2008 \mod 6 = 4 $ ⇒ $ a_{2008} = a_4 = \frac{1}{y} $

So the given conditions become:

1. $ \frac{1}{x} + \frac{1}{y} = 3 $
2. $ \frac{1}{x} \cdot \frac{1}{y} = \frac{1}{3} $

From (2):  
$$
\frac{1}{xy} = \frac{1}{3} \Rightarrow xy = 3
$$

From (1):  
$$
\frac{x + y}{xy} = 3 \Rightarrow \frac{x + y}{3} = 3 \Rightarrow x + y = 9
$$

---

### Step 3: Compute $ x^3 + y^3 $

We use the identity:

$$
x^3 + y^3 = (x + y)^3 - 3xy(x + y)
$$

Substitute known values:

- $ x + y = 9 $
- $ xy = 3 $

$$
x^3 + y^3 = 9^3 - 3 \cdot 3 \cdot 9 = 729 - 81 = 648
$$

---

### Final Answer

$$
\boxed{E}
$$"
